"","V1","V2"
"1",1,2
"2",1,3
"3",1,6
"4",1,1575
"5",1,1598
"6",1,1599
"7",2,10
"8",2,87
"9",2,1575
"10",2,1599
"11",2,1710
"12",2,1712
"13",3,120
"14",3,1592
"15",3,1598
"16",3,1599
"17",3,1718
"18",4,5
"19",4,8
"20",4,13
"21",4,1573
"22",4,1595
"23",4,1893
"24",5,6
"25",5,1575
"26",5,1594
"27",5,1595
"28",5,1596
"29",5,1893
"30",6,16
"31",6,1575
"32",6,1594
"33",6,1598
"34",6,1700
"35",7,19
"36",7,1593
"37",7,1598
"38",7,1699
"39",7,1700
"40",7,1701
"41",8,9
"42",8,20
"43",8,22
"44",8,1573
"45",8,1574
"46",8,1595
"47",8,1888
"48",9,10
"49",9,22
"50",9,1595
"51",9,1596
"52",9,1597
"53",10,1575
"54",10,1596
"55",10,1597
"56",10,1712
"57",11,1597
"58",11,1708
"59",11,1712
"60",11,1715
"61",11,1753
"62",11,1827
"63",12,1592
"64",12,1593
"65",12,1697
"66",12,1699
"67",12,1731
"68",13,14
"69",13,17
"70",13,25
"71",13,1572
"72",13,1573
"73",13,1892
"74",13,1893
"75",14,21
"76",14,25
"77",14,1573
"78",14,1888
"79",14,1890
"80",15,27
"81",15,1571
"82",15,1572
"83",15,1594
"84",15,1696
"85",15,1893
"86",16,18
"87",16,1594
"88",16,1695
"89",16,1696
"90",16,1700
"91",17,28
"92",17,29
"93",17,30
"94",17,1571
"95",17,1572
"96",17,1892
"97",18,32
"98",18,1695
"99",18,1700
"100",18,1701
"101",18,1901
"102",19,1698
"103",19,1699
"104",19,1701
"105",19,1902
"106",20,21
"107",20,36
"108",20,1574
"109",20,1888
"110",20,1891
"111",21,26
"112",21,38
"113",21,39
"114",21,1886
"115",21,1888
"116",21,1890
"117",21,1891
"118",21,1895
"119",22,23
"120",22,1574
"121",22,1597
"122",22,1753
"123",23,36
"124",23,40
"125",23,1574
"126",23,1753
"127",23,1827
"128",23,1849
"129",24,34
"130",24,244
"131",24,1697
"132",24,1698
"133",24,1752
"134",24,1899
"135",25,26
"136",25,30
"137",25,1887
"138",25,1889
"139",25,1890
"140",25,1892
"141",26,46
"142",26,1885
"143",26,1886
"144",26,1887
"145",26,1890
"146",27,28
"147",27,31
"148",27,1571
"149",27,1589
"150",27,1695
"151",27,1696
"152",28,29
"153",28,47
"154",28,1571
"155",28,1589
"156",28,1591
"157",28,1894
"158",29,30
"159",29,48
"160",29,1558
"161",29,1673
"162",29,1894
"163",30,44
"164",30,1673
"165",30,1889
"166",30,1892
"167",31,33
"168",31,47
"169",31,1589
"170",31,1590
"171",31,1695
"172",31,1901
"173",32,35
"174",32,1689
"175",32,1701
"176",32,1901
"177",32,1902
"178",33,51
"179",33,1578
"180",33,1590
"181",33,1689
"182",33,1901
"183",34,35
"184",34,43
"185",34,53
"186",34,1688
"187",34,1698
"188",34,1899
"189",34,1902
"190",35,52
"191",35,1688
"192",35,1689
"193",35,1690
"194",35,1902
"195",36,37
"196",36,1574
"197",36,1786
"198",36,1849
"199",36,1891
"200",37,41
"201",37,54
"202",37,1785
"203",37,1786
"204",37,1849
"205",37,1850
"206",38,54
"207",38,1786
"208",38,1787
"209",38,1891
"210",38,1895
"211",39,45
"212",39,1759
"213",39,1762
"214",39,1886
"215",39,1895
"216",40,42
"217",40,1827
"218",40,1848
"219",40,1849
"220",40,1850
"221",41,55
"222",41,59
"223",41,1782
"224",41,1784
"225",41,1785
"226",41,1848
"227",41,1850
"228",42,63
"229",42,1715
"230",42,1732
"231",42,1827
"232",42,1848
"233",43,53
"234",43,244
"235",43,298
"236",43,1898
"237",43,1899
"238",43,1900
"239",44,46
"240",44,65
"241",44,1625
"242",44,1634
"243",44,1673
"244",44,1887
"245",44,1889
"246",45,66
"247",45,1633
"248",45,1759
"249",45,1884
"250",45,1885
"251",45,1886
"252",46,67
"253",46,1633
"254",46,1634
"255",46,1885
"256",46,1887
"257",47,69
"258",47,1589
"259",47,1590
"260",47,1591
"261",47,1654
"262",48,69
"263",48,70
"264",48,1557
"265",48,1558
"266",48,1563
"267",48,1591
"268",48,1894
"269",49,71
"270",49,1556
"271",49,1557
"272",49,1558
"273",49,1625
"274",49,1673
"275",50,73
"276",50,1577
"277",50,1578
"278",50,1590
"279",50,1654
"280",50,1694
"281",51,74
"282",51,1577
"283",51,1578
"284",51,1689
"285",51,1690
"286",51,1691
"287",52,72
"288",52,1688
"289",52,1690
"290",52,1691
"291",52,1904
"292",53,75
"293",53,1688
"294",53,1900
"295",53,1903
"296",53,1904
"297",54,55
"298",54,56
"299",54,160
"300",54,1785
"301",54,1786
"302",54,1787
"303",54,1790
"304",55,58
"305",55,1784
"306",55,1785
"307",55,1790
"308",56,77
"309",56,160
"310",56,1755
"311",56,1762
"312",56,1787
"313",57,79
"314",57,1754
"315",57,1755
"316",57,1759
"317",57,1762
"318",57,1884
"319",58,80
"320",58,1761
"321",58,1783
"322",58,1784
"323",58,1789
"324",58,1790
"325",59,62
"326",59,1732
"327",59,1733
"328",59,1782
"329",59,1848
"330",60,61
"331",60,81
"332",60,1783
"333",60,1788
"334",60,1789
"335",60,1842
"336",61,1782
"337",61,1783
"338",61,1784
"339",61,1788
"340",61,1847
"341",62,63
"342",62,84
"343",62,1732
"344",62,1733
"345",62,1736
"346",63,84
"347",63,86
"348",63,1715
"349",63,1732
"350",63,1734
"351",64,1458
"352",64,1459
"353",64,1898
"354",64,1900
"355",64,1903
"356",65,91
"357",65,1556
"358",65,1624
"359",65,1625
"360",65,1634
"361",66,79
"362",66,1336
"363",66,1633
"364",66,1636
"365",66,1884
"366",67,92
"367",67,94
"368",67,1336
"369",67,1624
"370",67,1633
"371",67,1634
"372",67,1635
"373",68,69
"374",68,73
"375",68,1654
"376",68,1655
"377",68,1656
"378",68,1685
"379",68,1694
"380",69,1563
"381",69,1591
"382",69,1654
"383",69,1656
"384",70,96
"385",70,1557
"386",70,1562
"387",70,1563
"388",70,1671
"389",71,91
"390",71,1556
"391",71,1557
"392",71,1561
"393",71,1626
"394",72,99
"395",72,1579
"396",72,1691
"397",72,1692
"398",72,1693
"399",72,1904
"400",73,100
"401",73,1577
"402",73,1581
"403",73,1655
"404",73,1694
"405",74,1577
"406",74,1581
"407",74,1691
"408",74,1692
"409",75,1579
"410",75,1580
"411",75,1903
"412",75,1904
"413",75,1907
"414",76,77
"415",76,160
"416",76,1757
"417",76,1758
"418",76,1761
"419",76,1790
"420",77,78
"421",77,160
"422",77,1755
"423",77,1756
"424",77,1757
"425",78,79
"426",78,107
"427",78,1754
"428",78,1755
"429",78,1756
"430",78,1763
"431",78,1764
"432",79,108
"433",79,1636
"434",79,1754
"435",79,1764
"436",79,1884
"437",80,104
"438",80,1760
"439",80,1761
"440",80,1789
"441",80,1792
"442",81,110
"443",81,1789
"444",81,1791
"445",81,1842
"446",81,1843
"447",82,1733
"448",82,1741
"449",82,1781
"450",82,1824
"451",82,1847
"452",83,1742
"453",83,1781
"454",83,1788
"455",83,1842
"456",83,1844
"457",84,85
"458",84,89
"459",84,1734
"460",84,1735
"461",84,1736
"462",84,1826
"463",85,113
"464",85,1736
"465",85,1824
"466",85,1826
"467",85,1829
"468",86,88
"469",86,1708
"470",86,1709
"471",86,1715
"472",86,1734
"473",87,88
"474",87,1707
"475",87,1708
"476",87,1710
"477",87,1712
"478",88,1707
"479",88,1708
"480",88,1709
"481",88,1714
"482",89,119
"483",89,1709
"484",89,1725
"485",89,1734
"486",89,1735
"487",90,1451
"488",90,1452
"489",90,1457
"490",90,1459
"491",90,1906
"492",90,1907
"493",91,92
"494",91,98
"495",91,1554
"496",91,1555
"497",91,1556
"498",91,1624
"499",91,1626
"500",92,126
"501",92,1555
"502",92,1624
"503",92,1635
"504",93,94
"505",93,109
"506",93,1334
"507",93,1335
"508",93,1336
"509",93,1636
"510",94,127
"511",94,1334
"512",94,1336
"513",94,1337
"514",94,1635
"515",95,96
"516",95,1564
"517",95,1656
"518",95,1671
"519",95,1685
"520",96,97
"521",96,128
"522",96,129
"523",96,1562
"524",96,1564
"525",96,1570
"526",96,1671
"527",97,128
"528",97,1559
"529",97,1560
"530",97,1561
"531",97,1562
"532",98,131
"533",98,132
"534",98,1554
"535",98,1559
"536",98,1626
"537",98,1667
"538",99,134
"539",99,1369
"540",99,1579
"541",99,1693
"542",99,1909
"543",100,136
"544",100,1581
"545",100,1584
"546",100,1585
"547",100,1655
"548",100,1657
"549",101,130
"550",101,1659
"551",101,1682
"552",101,1683
"553",101,1685
"554",102,1584
"555",102,1657
"556",102,1682
"557",102,1683
"558",102,1684
"559",103,104
"560",103,105
"561",103,1757
"562",103,1758
"563",103,1760
"564",103,1770
"565",104,111
"566",104,142
"567",104,143
"568",104,1760
"569",104,1765
"570",104,1770
"571",104,1792
"572",105,106
"573",105,1756
"574",105,1757
"575",105,1763
"576",105,1767
"577",105,1770
"578",106,145
"579",106,1541
"580",106,1763
"581",106,1767
"582",106,1768
"583",107,146
"584",107,1541
"585",107,1542
"586",107,1763
"587",107,1764
"588",108,147
"589",108,1335
"590",108,1542
"591",108,1636
"592",108,1764
"593",109,127
"594",109,148
"595",109,1333
"596",109,1334
"597",109,1335
"598",109,1546
"599",109,1548
"600",110,112
"601",110,150
"602",110,1791
"603",110,1793
"604",110,1840
"605",110,1841
"606",110,1843
"607",111,142
"608",111,1791
"609",111,1792
"610",111,1840
"611",111,1879
"612",112,114
"613",112,1841
"614",112,1843
"615",112,1844
"616",112,1845
"617",113,115
"618",113,118
"619",113,1738
"620",113,1741
"621",113,1824
"622",113,1829
"623",114,115
"624",114,152
"625",114,154
"626",114,1740
"627",114,1742
"628",114,1844
"629",114,1845
"630",115,1738
"631",115,1740
"632",115,1741
"633",115,1742
"634",116,117
"635",116,123
"636",116,1510
"637",116,1717
"638",116,1725
"639",116,1735
"640",116,1826
"641",117,118
"642",117,1717
"643",117,1737
"644",117,1826
"645",117,1829
"646",118,153
"647",118,156
"648",118,1737
"649",118,1738
"650",118,1739
"651",118,1829
"652",118,1835
"653",119,122
"654",119,158
"655",119,1509
"656",119,1709
"657",119,1714
"658",119,1725
"659",120,159
"660",120,1599
"661",120,1710
"662",120,1711
"663",120,1718
"664",121,122
"665",121,159
"666",121,1707
"667",121,1711
"668",121,1714
"669",121,1719
"670",122,158
"671",122,1714
"672",122,1719
"673",122,1720
"674",123,1509
"675",123,1510
"676",123,1511
"677",123,1725
"678",124,451
"679",124,1450
"680",124,1451
"681",124,1489
"682",124,1905
"683",124,1908
"684",125,131
"685",125,168
"686",125,1552
"687",125,1553
"688",125,1554
"689",125,1555
"690",126,169
"691",126,1337
"692",126,1552
"693",126,1555
"694",126,1635
"695",127,169
"696",127,1332
"697",127,1333
"698",127,1334
"699",127,1337
"700",128,133
"701",128,1560
"702",128,1569
"703",128,1570
"704",129,1564
"705",129,1565
"706",129,1570
"707",129,1659
"708",130,139
"709",130,173
"710",130,174
"711",130,1565
"712",130,1587
"713",130,1659
"714",130,1682
"715",131,171
"716",131,1553
"717",131,1554
"718",131,1666
"719",131,1667
"720",132,1559
"721",132,1560
"722",132,1667
"723",132,1687
"724",133,172
"725",133,175
"726",133,177
"727",133,1560
"728",133,1567
"729",133,1569
"730",133,1687
"731",134,141
"732",134,1369
"733",134,1370
"734",134,1909
"735",134,1913
"736",135,178
"737",135,1369
"738",135,1370
"739",135,1585
"740",135,1586
"741",135,1693
"742",136,137
"743",136,1583
"744",136,1584
"745",136,1585
"746",136,1586
"747",137,138
"748",137,179
"749",137,180
"750",137,1582
"751",137,1583
"752",137,1584
"753",137,1684
"754",138,139
"755",138,180
"756",138,1368
"757",138,1588
"758",138,1684
"759",139,1587
"760",139,1588
"761",139,1682
"762",139,1684
"763",140,167
"764",140,1576
"765",140,1908
"766",140,1909
"767",140,1913
"768",140,1914
"769",141,178
"770",141,182
"771",141,183
"772",141,1370
"773",141,1913
"774",141,1914
"775",142,185
"776",142,1765
"777",142,1878
"778",142,1879
"779",143,144
"780",143,1765
"781",143,1766
"782",143,1767
"783",143,1768
"784",143,1770
"785",144,145
"786",144,1766
"787",144,1768
"788",144,1769
"789",144,1771
"790",145,146
"791",145,186
"792",145,188
"793",145,1019
"794",145,1541
"795",145,1768
"796",145,1769
"797",146,147
"798",146,188
"799",146,1328
"800",146,1540
"801",146,1541
"802",146,1542
"803",147,1335
"804",147,1539
"805",147,1540
"806",147,1542
"807",147,1546
"808",148,189
"809",148,1539
"810",148,1546
"811",148,1548
"812",148,1632
"813",149,1332
"814",149,1333
"815",149,1547
"816",149,1548
"817",150,192
"818",150,1793
"819",150,1841
"820",150,1846
"821",150,1877
"822",151,193
"823",151,1538
"824",151,1793
"825",151,1840
"826",151,1876
"827",151,1879
"828",152,154
"829",152,192
"830",152,1748
"831",152,1845
"832",152,1877
"833",153,154
"834",153,1738
"835",153,1739
"836",153,1740
"837",153,1880
"838",154,1740
"839",154,1748
"840",154,1880
"841",155,1510
"842",155,1716
"843",155,1717
"844",155,1795
"845",156,197
"846",156,1716
"847",156,1737
"848",156,1796
"849",156,1835
"850",157,199
"851",157,200
"852",157,1739
"853",157,1744
"854",157,1796
"855",157,1834
"856",157,1835
"857",158,161
"858",158,163
"859",158,1509
"860",158,1517
"861",158,1720
"862",159,203
"863",159,1711
"864",159,1718
"865",159,1719
"866",159,1721
"867",159,1722
"868",160,1790
"869",161,162
"870",161,201
"871",161,205
"872",161,1515
"873",161,1517
"874",161,1713
"875",161,1720
"876",162,1515
"877",162,1719
"878",162,1720
"879",162,1722
"880",162,1724
"881",163,164
"882",163,201
"883",163,1509
"884",163,1511
"885",163,1516
"886",163,1517
"887",164,165
"888",164,1510
"889",164,1511
"890",164,1516
"891",164,1795
"892",164,1801
"893",165,198
"894",165,207
"895",165,1512
"896",165,1794
"897",165,1795
"898",165,1801
"899",166,167
"900",166,451
"901",166,508
"902",166,1439
"903",166,1440
"904",166,1489
"905",166,1576
"906",167,183
"907",167,1440
"908",167,1576
"909",167,1706
"910",167,1914
"911",168,1550
"912",168,1552
"913",168,1553
"914",168,1630
"915",169,170
"916",169,1332
"917",169,1337
"918",169,1552
"919",169,1630
"920",170,191
"921",170,210
"922",170,211
"923",170,1332
"924",170,1547
"925",170,1615
"926",170,1630
"927",171,176
"928",171,209
"929",171,212
"930",171,1550
"931",171,1553
"932",171,1627
"933",171,1666
"934",172,173
"935",172,1565
"936",172,1566
"937",172,1567
"938",172,1569
"939",173,174
"940",173,1565
"941",173,1566
"942",173,1660
"943",174,214
"944",174,1587
"945",174,1660
"946",174,1680
"947",175,176
"948",175,177
"949",175,1568
"950",175,1669
"951",175,1687
"952",176,212
"953",176,1666
"954",176,1669
"955",176,1687
"956",177,216
"957",177,1567
"958",177,1568
"959",177,1662
"960",178,179
"961",178,182
"962",178,1370
"963",178,1374
"964",178,1586
"965",179,1374
"966",179,1582
"967",179,1583
"968",179,1586
"969",180,218
"970",180,219
"971",180,1368
"972",180,1376
"973",180,1582
"974",181,218
"975",181,1368
"976",181,1588
"977",181,1678
"978",181,1680
"979",182,183
"980",182,220
"981",182,1373
"982",182,1374
"983",182,1915
"984",183,1371
"985",183,1373
"986",183,1706
"987",183,1914
"988",184,223
"989",184,1538
"990",184,1780
"991",184,1878
"992",184,1879
"993",185,187
"994",185,1536
"995",185,1765
"996",185,1766
"997",185,1771
"998",185,1878
"999",186,221
"1000",186,224
"1001",186,1019
"1002",186,1769
"1003",186,1772
"1004",186,1773
"1005",187,226
"1006",187,1536
"1007",187,1771
"1008",187,1772
"1009",187,1774
"1010",188,221
"1011",188,1019
"1012",188,1328
"1013",188,1329
"1014",189,190
"1015",189,227
"1016",189,229
"1017",189,1539
"1018",189,1543
"1019",189,1545
"1020",189,1632
"1021",190,191
"1022",190,1543
"1023",190,1547
"1024",190,1629
"1025",190,1632
"1026",191,230
"1027",191,1355
"1028",191,1547
"1029",191,1615
"1030",191,1629
"1031",192,194
"1032",192,232
"1033",192,1748
"1034",192,1836
"1035",192,1846
"1036",192,1873
"1037",192,1877
"1038",193,194
"1039",193,222
"1040",193,1538
"1041",193,1777
"1042",193,1874
"1043",193,1876
"1044",194,1846
"1045",194,1873
"1046",194,1874
"1047",194,1876
"1048",195,233
"1049",195,1748
"1050",195,1836
"1051",195,1839
"1052",195,1875
"1053",196,408
"1054",196,409
"1055",196,1260
"1056",196,1266
"1057",196,1267
"1058",197,198
"1059",197,1716
"1060",197,1794
"1061",197,1796
"1062",197,1799
"1063",198,240
"1064",198,1512
"1065",198,1794
"1066",198,1798
"1067",198,1799
"1068",199,239
"1069",199,1796
"1070",199,1799
"1071",199,1800
"1072",199,1834
"1073",200,236
"1074",200,1743
"1075",200,1744
"1076",200,1746
"1077",200,1834
"1078",201,242
"1079",201,1516
"1080",201,1517
"1081",201,1523
"1082",201,1713
"1083",202,1728
"1084",202,1731
"1085",202,1750
"1086",202,1752
"1087",203,247
"1088",203,1721
"1089",203,1722
"1090",203,1723
"1091",203,1750
"1092",204,245
"1093",204,248
"1094",204,1514
"1095",204,1722
"1096",204,1723
"1097",204,1724
"1098",204,1729
"1099",205,245
"1100",205,1514
"1101",205,1515
"1102",205,1522
"1103",205,1713
"1104",206,1513
"1105",206,1516
"1106",206,1523
"1107",206,1801
"1108",207,251
"1109",207,252
"1110",207,1512
"1111",207,1513
"1112",207,1801
"1113",208,558
"1114",208,1439
"1115",208,1440
"1116",208,1444
"1117",208,1445
"1118",208,1704
"1119",208,1706
"1120",209,210
"1121",209,255
"1122",209,1550
"1123",209,1627
"1124",209,1628
"1125",209,1631
"1126",210,211
"1127",210,1550
"1128",210,1630
"1129",210,1631
"1130",211,1348
"1131",211,1615
"1132",211,1631
"1133",211,1672
"1134",212,258
"1135",212,1627
"1136",212,1628
"1137",212,1664
"1138",212,1669
"1139",213,1413
"1140",213,1566
"1141",213,1660
"1142",213,1662
"1143",214,260
"1144",214,1412
"1145",214,1660
"1146",214,1679
"1147",214,1680
"1148",215,1568
"1149",215,1664
"1150",215,1669
"1151",215,1670
"1152",215,1686
"1153",216,264
"1154",216,1407
"1155",216,1568
"1156",216,1662
"1157",216,1670
"1158",217,219
"1159",217,1374
"1160",217,1375
"1161",217,1376
"1162",217,1915
"1163",218,219
"1164",218,268
"1165",218,1368
"1166",218,1384
"1167",218,1678
"1168",219,267
"1169",219,268
"1170",219,1375
"1171",219,1376
"1172",219,1681
"1173",220,1372
"1174",220,1373
"1175",220,1910
"1176",220,1911
"1177",220,1915
"1178",221,224
"1179",221,228
"1180",221,1019
"1181",221,1020
"1182",221,1023
"1183",221,1329
"1184",222,238
"1185",222,1538
"1186",222,1777
"1187",222,1779
"1188",222,1780
"1189",223,226
"1190",223,1536
"1191",223,1537
"1192",223,1780
"1193",223,1878
"1194",224,225
"1195",224,277
"1196",224,1023
"1197",224,1025
"1198",224,1773
"1199",225,226
"1200",225,277
"1201",225,1024
"1202",225,1773
"1203",225,1774
"1204",226,276
"1205",226,278
"1206",226,1024
"1207",226,1536
"1208",226,1537
"1209",226,1774
"1210",227,228
"1211",227,229
"1212",227,1021
"1213",227,1544
"1214",227,1545
"1215",228,1020
"1216",228,1021
"1217",228,1329
"1218",228,1545
"1219",229,231
"1220",229,280
"1221",229,1331
"1222",229,1358
"1223",229,1543
"1224",229,1544
"1225",230,256
"1226",230,1348
"1227",230,1355
"1228",230,1614
"1229",230,1615
"1230",231,1331
"1231",231,1354
"1232",231,1355
"1233",231,1543
"1234",231,1629
"1235",232,235
"1236",232,1836
"1237",232,1864
"1238",232,1865
"1239",232,1873
"1240",233,282
"1241",233,283
"1242",233,1836
"1243",233,1837
"1244",233,1839
"1245",233,1865
"1246",233,1866
"1247",234,1777
"1248",234,1856
"1249",234,1870
"1250",234,1874
"1251",235,286
"1252",235,1864
"1253",235,1869
"1254",235,1870
"1255",235,1873
"1256",236,287
"1257",236,288
"1258",236,1531
"1259",236,1532
"1260",236,1743
"1261",236,1746
"1262",236,1832
"1263",237,1532
"1264",237,1746
"1265",237,1747
"1266",237,1839
"1267",237,1866
"1268",238,275
"1269",238,284
"1270",238,1777
"1271",238,1779
"1272",238,1856
"1273",238,1857
"1274",238,1858
"1275",239,292
"1276",239,1797
"1277",239,1798
"1278",239,1799
"1279",239,1800
"1280",239,1828
"1281",240,251
"1282",240,291
"1283",240,1512
"1284",240,1797
"1285",240,1798
"1286",240,1817
"1287",241,1743
"1288",241,1800
"1289",241,1828
"1290",241,1831
"1291",241,1832
"1292",242,243
"1293",242,249
"1294",242,1521
"1295",242,1522
"1296",242,1523
"1297",242,1713
"1298",243,252
"1299",243,296
"1300",243,297
"1301",243,1513
"1302",243,1520
"1303",243,1521
"1304",243,1523
"1305",244,298
"1306",244,1728
"1307",244,1749
"1308",244,1752
"1309",244,1899
"1310",245,250
"1311",245,299
"1312",245,1514
"1313",245,1522
"1314",245,1729
"1315",245,1809
"1316",246,247
"1317",246,300
"1318",246,301
"1319",246,1453
"1320",246,1479
"1321",246,1728
"1322",246,1749
"1323",247,248
"1324",247,1479
"1325",247,1723
"1326",247,1727
"1327",247,1728
"1328",247,1750
"1329",248,299
"1330",248,302
"1331",248,1723
"1332",248,1727
"1333",248,1729
"1334",248,1730
"1335",249,250
"1336",249,1521
"1337",249,1522
"1338",249,1809
"1339",249,1810
"1340",250,299
"1341",250,304
"1342",250,1809
"1343",250,1810
"1344",250,1814
"1345",251,252
"1346",251,293
"1347",251,305
"1348",251,1512
"1349",251,1803
"1350",251,1804
"1351",251,1817
"1352",252,296
"1353",252,1513
"1354",252,1804
"1355",253,254
"1356",253,608
"1357",253,1422
"1358",253,1423
"1359",253,1444
"1360",253,1445
"1361",253,1704
"1362",254,273
"1363",254,1377
"1364",254,1379
"1365",254,1423
"1366",254,1704
"1367",254,1705
"1368",255,257
"1369",255,1619
"1370",255,1628
"1371",255,1631
"1372",255,1672
"1373",256,257
"1374",256,309
"1375",256,310
"1376",256,1348
"1377",256,1613
"1378",256,1614
"1379",256,1617
"1380",257,1348
"1381",257,1617
"1382",257,1619
"1383",257,1672
"1384",258,311
"1385",258,1338
"1386",258,1339
"1387",258,1618
"1388",258,1628
"1389",258,1664
"1390",259,261
"1391",259,1407
"1392",259,1412
"1393",259,1413
"1394",259,1638
"1395",259,1640
"1396",260,265
"1397",260,1411
"1398",260,1412
"1399",260,1638
"1400",260,1639
"1401",260,1679
"1402",261,263
"1403",261,264
"1404",261,313
"1405",261,314
"1406",261,1407
"1407",261,1640
"1408",261,1646
"1409",262,1338
"1410",262,1339
"1411",262,1663
"1412",262,1665
"1413",262,1670
"1414",262,1686
"1415",263,264
"1416",263,314
"1417",263,315
"1418",263,316
"1419",263,1341
"1420",263,1406
"1421",263,1647
"1422",264,1406
"1423",264,1407
"1424",264,1665
"1425",264,1670
"1426",265,266
"1427",265,313
"1428",265,317
"1429",265,1411
"1430",265,1639
"1431",265,1641
"1432",265,1644
"1433",266,269
"1434",266,1411
"1435",266,1414
"1436",266,1637
"1437",266,1641
"1438",267,271
"1439",267,1375
"1440",267,1381
"1441",267,1382
"1442",267,1681
"1443",267,1910
"1444",268,270
"1445",268,1384
"1446",268,1385
"1447",268,1681
"1448",268,1702
"1449",269,1384
"1450",269,1385
"1451",269,1387
"1452",269,1414
"1453",269,1637
"1454",270,319
"1455",270,320
"1456",270,1385
"1457",270,1386
"1458",270,1387
"1459",270,1702
"1460",271,272
"1461",271,1381
"1462",271,1910
"1463",271,1911
"1464",271,1912
"1465",271,1917
"1466",272,273
"1467",272,321
"1468",272,1377
"1469",272,1912
"1470",272,1917
"1471",272,1919
"1472",273,308
"1473",273,1377
"1474",273,1378
"1475",273,1379
"1476",273,1919
"1477",274,323
"1478",274,324
"1479",274,1020
"1480",274,1022
"1481",274,1023
"1482",274,1025
"1483",274,1350
"1484",275,276
"1485",275,1537
"1486",275,1778
"1487",275,1779
"1488",275,1858
"1489",276,278
"1490",276,1027
"1491",276,1537
"1492",276,1778
"1493",277,323
"1494",277,327
"1495",277,1024
"1496",277,1025
"1497",277,1026
"1498",277,1028
"1499",278,328
"1500",278,1024
"1501",278,1027
"1502",278,1028
"1503",279,324
"1504",279,1021
"1505",279,1022
"1506",279,1357
"1507",279,1358
"1508",279,1544
"1509",280,329
"1510",280,1009
"1511",280,1330
"1512",280,1331
"1513",280,1358
"1514",281,331
"1515",281,1009
"1516",281,1354
"1517",281,1356
"1518",281,1614
"1519",282,289
"1520",282,1837
"1521",282,1838
"1522",282,1866
"1523",282,1867
"1524",283,286
"1525",283,1002
"1526",283,1837
"1527",283,1864
"1528",283,1865
"1529",284,285
"1530",284,290
"1531",284,1855
"1532",284,1856
"1533",284,1857
"1534",284,1872
"1535",285,286
"1536",285,1856
"1537",285,1869
"1538",285,1871
"1539",285,1872
"1540",286,335
"1541",286,975
"1542",286,1002
"1543",286,1864
"1544",286,1869
"1545",286,1871
"1546",287,294
"1547",287,1530
"1548",287,1531
"1549",287,1830
"1550",287,1832
"1551",288,1531
"1552",288,1532
"1553",288,1533
"1554",288,1867
"1555",289,334
"1556",289,339
"1557",289,1003
"1558",289,1533
"1559",289,1838
"1560",289,1867
"1561",289,1868
"1562",290,326
"1563",290,341
"1564",290,1776
"1565",290,1778
"1566",290,1855
"1567",290,1857
"1568",290,1858
"1569",290,1863
"1570",291,292
"1571",291,342
"1572",291,1797
"1573",291,1805
"1574",291,1806
"1575",291,1817
"1576",292,295
"1577",292,1797
"1578",292,1805
"1579",292,1818
"1580",292,1828
"1581",292,1831
"1582",293,343
"1583",293,1254
"1584",293,1802
"1585",293,1803
"1586",293,1806
"1587",293,1817
"1588",294,338
"1589",294,345
"1590",294,1235
"1591",294,1530
"1592",294,1830
"1593",294,1882
"1594",295,1234
"1595",295,1818
"1596",295,1830
"1597",295,1831
"1598",296,306
"1599",296,1518
"1600",296,1520
"1601",296,1804
"1602",296,1816
"1603",297,1519
"1604",297,1520
"1605",297,1521
"1606",297,1810
"1607",297,1811
"1608",298,300
"1609",298,1749
"1610",298,1897
"1611",298,1898
"1612",299,304
"1613",299,1729
"1614",299,1730
"1615",299,1896
"1616",300,352
"1617",300,1453
"1618",300,1499
"1619",300,1749
"1620",300,1897
"1621",301,302
"1622",301,1453
"1623",301,1479
"1624",301,1480
"1625",301,1727
"1626",302,351
"1627",302,353
"1628",302,1480
"1629",302,1726
"1630",302,1727
"1631",302,1730
"1632",303,349
"1633",303,1486
"1634",303,1810
"1635",303,1811
"1636",303,1812
"1637",303,1814
"1638",304,354
"1639",304,1501
"1640",304,1814
"1641",304,1896
"1642",305,356
"1643",305,1802
"1644",305,1803
"1645",305,1804
"1646",305,1816
"1647",306,356
"1648",306,358
"1649",306,1518
"1650",306,1807
"1651",306,1813
"1652",306,1816
"1653",307,308
"1654",307,655
"1655",307,1367
"1656",307,1379
"1657",307,1421
"1658",307,1422
"1659",307,1423
"1660",307,1703
"1661",308,360
"1662",308,1378
"1663",308,1379
"1664",308,1703
"1665",309,332
"1666",309,362
"1667",309,1356
"1668",309,1604
"1669",309,1613
"1670",309,1614
"1671",310,361
"1672",310,362
"1673",310,1613
"1674",310,1617
"1675",310,1622
"1676",310,1623
"1677",311,312
"1678",311,1339
"1679",311,1616
"1680",311,1618
"1681",311,1653
"1682",311,1668
"1683",312,316
"1684",312,363
"1685",312,1339
"1686",312,1650
"1687",312,1653
"1688",312,1663
"1689",313,1639
"1690",313,1640
"1691",313,1644
"1692",313,1646
"1693",314,366
"1694",314,368
"1695",314,1341
"1696",314,1342
"1697",314,1646
"1698",315,369
"1699",315,1340
"1700",315,1341
"1701",315,1344
"1702",315,1647
"1703",316,1406
"1704",316,1647
"1705",316,1650
"1706",316,1663
"1707",317,367
"1708",317,1641
"1709",317,1642
"1710",317,1644
"1711",317,1645
"1712",317,1675
"1713",318,716
"1714",318,755
"1715",318,756
"1716",318,1283
"1717",318,1392
"1718",318,1981
"1719",319,321
"1720",319,1381
"1721",319,1382
"1722",319,1386
"1723",319,1388
"1724",319,1702
"1725",320,372
"1726",320,1386
"1727",320,1387
"1728",320,1389
"1729",320,1390
"1730",320,1391
"1731",321,373
"1732",321,374
"1733",321,1381
"1734",321,1383
"1735",321,1388
"1736",321,1416
"1737",321,1917
"1738",321,1919
"1739",322,1378
"1740",322,1383
"1741",322,1918
"1742",322,1919
"1743",323,1016
"1744",323,1025
"1745",323,1026
"1746",323,1350
"1747",324,325
"1748",324,1008
"1749",324,1022
"1750",324,1350
"1751",324,1357
"1752",325,377
"1753",325,1008
"1754",325,1016
"1755",325,1350
"1756",325,1351
"1757",326,1027
"1758",326,1775
"1759",326,1776
"1760",326,1778
"1761",327,375
"1762",327,380
"1763",327,1026
"1764",327,1028
"1765",327,1030
"1766",327,1658
"1767",328,379
"1768",328,1027
"1769",328,1028
"1770",328,1290
"1771",328,1658
"1772",328,1775
"1773",329,330
"1774",329,331
"1775",329,333
"1776",329,1009
"1777",329,1330
"1778",329,1352
"1779",329,1353
"1780",330,376
"1781",330,1008
"1782",330,1330
"1783",330,1353
"1784",330,1357
"1785",331,333
"1786",331,1009
"1787",331,1011
"1788",331,1356
"1789",332,384
"1790",332,1010
"1791",332,1011
"1792",332,1356
"1793",332,1604
"1794",333,384
"1795",333,386
"1796",333,1007
"1797",333,1011
"1798",333,1012
"1799",333,1352
"1800",334,335
"1801",334,954
"1802",334,1002
"1803",334,1003
"1804",334,1838
"1805",335,954
"1806",335,975
"1807",335,1002
"1808",335,1004
"1809",336,976
"1810",336,977
"1811",336,1855
"1812",336,1863
"1813",336,1872
"1814",337,389
"1815",337,975
"1816",337,976
"1817",337,1004
"1818",337,1871
"1819",338,339
"1820",338,1530
"1821",338,1533
"1822",338,1535
"1823",338,1882
"1824",339,1533
"1825",339,1534
"1826",339,1535
"1827",339,1868
"1828",340,391
"1829",340,981
"1830",340,1003
"1831",340,1534
"1832",340,1868
"1833",341,968
"1834",341,1776
"1835",341,1859
"1836",341,1860
"1837",341,1863
"1838",342,1233
"1839",342,1254
"1840",342,1255
"1841",342,1805
"1842",342,1806
"1843",342,1818
"1844",343,1254
"1845",343,1256
"1846",343,1259
"1847",343,1802
"1848",344,347
"1849",344,394
"1850",344,1233
"1851",344,1237
"1852",344,1255
"1853",344,1819
"1854",345,347
"1855",345,397
"1856",345,1234
"1857",345,1235
"1858",345,1238
"1859",345,1830
"1860",346,396
"1861",346,964
"1862",346,1235
"1863",346,1236
"1864",346,1882
"1865",347,1233
"1866",347,1234
"1867",347,1237
"1868",347,1238
"1869",348,349
"1870",348,1518
"1871",348,1519
"1872",348,1808
"1873",348,1812
"1874",348,1813
"1875",349,354
"1876",349,398
"1877",349,399
"1878",349,1486
"1879",349,1495
"1880",349,1504
"1881",349,1808
"1882",349,1812
"1883",350,402
"1884",350,1456
"1885",350,1457
"1886",350,1458
"1887",350,1499
"1888",350,1897
"1889",351,355
"1890",351,1482
"1891",351,1726
"1892",351,1730
"1893",351,1896
"1894",352,353
"1895",352,402
"1896",352,404
"1897",352,1453
"1898",352,1454
"1899",352,1455
"1900",352,1480
"1901",352,1499
"1902",353,403
"1903",353,1454
"1904",353,1480
"1905",353,1500
"1906",353,1726
"1907",354,406
"1908",354,1486
"1909",354,1497
"1910",354,1501
"1911",354,1504
"1912",354,1814
"1913",355,406
"1914",355,407
"1915",355,1482
"1916",355,1484
"1917",355,1501
"1918",355,1502
"1919",355,1896
"1920",356,357
"1921",356,1258
"1922",356,1259
"1923",356,1802
"1924",356,1807
"1925",356,1816
"1926",357,393
"1927",357,409
"1928",357,1258
"1929",357,1259
"1930",357,1260
"1931",358,400
"1932",358,1268
"1933",358,1807
"1934",358,1813
"1935",358,1820
"1936",359,360
"1937",359,700
"1938",359,1034
"1939",359,1275
"1940",359,1367
"1941",359,1380
"1942",359,1421
"1943",359,1703
"1944",360,412
"1945",360,1378
"1946",360,1380
"1947",360,1703
"1948",360,1918
"1949",360,1923
"1950",361,364
"1951",361,1616
"1952",361,1620
"1953",361,1621
"1954",361,1622
"1955",361,1623
"1956",362,365
"1957",362,1600
"1958",362,1604
"1959",362,1613
"1960",362,1622
"1961",363,364
"1962",363,370
"1963",363,1648
"1964",363,1650
"1965",363,1652
"1966",363,1653
"1967",364,1616
"1968",364,1620
"1969",364,1652
"1970",364,1653
"1971",365,385
"1972",365,416
"1973",365,1364
"1974",365,1600
"1975",365,1601
"1976",365,1604
"1977",366,367
"1978",366,1342
"1979",366,1408
"1980",366,1645
"1981",366,1646
"1982",367,417
"1983",367,1029
"1984",367,1408
"1985",367,1645
"1986",367,1675
"1987",368,1340
"1988",368,1341
"1989",368,1342
"1990",368,1410
"1991",368,1651
"1992",369,370
"1993",369,419
"1994",369,420
"1995",369,1340
"1996",369,1344
"1997",369,1346
"1998",369,1649
"1999",369,1651
"2000",370,1344
"2001",370,1648
"2002",370,1649
"2003",370,1650
"2004",371,421
"2005",371,1029
"2006",371,1642
"2007",371,1674
"2008",371,1675
"2009",371,1676
"2010",372,373
"2011",372,422
"2012",372,424
"2013",372,1389
"2014",372,1390
"2015",372,1916
"2016",372,1955
"2017",372,1965
"2018",373,1388
"2019",373,1389
"2020",373,1416
"2021",373,1916
"2022",374,423
"2023",374,1383
"2024",374,1400
"2025",374,1416
"2026",374,1420
"2027",375,377
"2028",375,1016
"2029",375,1026
"2030",375,1030
"2031",375,1319
"2032",376,378
"2033",376,383
"2034",376,1008
"2035",376,1015
"2036",376,1351
"2037",376,1353
"2038",377,378
"2039",377,426
"2040",377,428
"2041",377,1016
"2042",377,1294
"2043",377,1319
"2044",377,1351
"2045",378,427
"2046",378,428
"2047",378,1014
"2048",378,1015
"2049",378,1351
"2050",379,382
"2051",379,968
"2052",379,1290
"2053",379,1775
"2054",379,1881
"2055",380,381
"2056",380,1030
"2057",380,1289
"2058",380,1290
"2059",380,1658
"2060",381,429
"2061",381,431
"2062",381,1288
"2063",381,1289
"2064",381,1290
"2065",381,1881
"2066",382,392
"2067",382,968
"2068",382,1318
"2069",382,1860
"2070",382,1881
"2071",383,1007
"2072",383,1015
"2073",383,1352
"2074",383,1353
"2075",383,1359
"2076",384,1010
"2077",384,1011
"2078",384,1012
"2079",384,1643
"2080",385,1010
"2081",385,1349
"2082",385,1364
"2083",385,1604
"2084",385,1643
"2085",386,435
"2086",386,1006
"2087",386,1007
"2088",386,1012
"2089",386,1362
"2090",387,977
"2091",387,978
"2092",387,984
"2093",387,1859
"2094",387,1861
"2095",388,954
"2096",388,981
"2097",388,1004
"2098",388,1005
"2099",389,437
"2100",389,976
"2101",389,983
"2102",389,984
"2103",389,1004
"2104",390,960
"2105",390,964
"2106",390,1534
"2107",390,1535
"2108",391,442
"2109",391,955
"2110",391,957
"2111",391,959
"2112",391,981
"2113",391,1534
"2114",392,436
"2115",392,979
"2116",392,1318
"2117",392,1860
"2118",392,1861
"2119",393,394
"2120",393,446
"2121",393,1252
"2122",393,1256
"2123",393,1259
"2124",393,1260
"2125",393,1264
"2126",394,1255
"2127",394,1256
"2128",394,1264
"2129",394,1819
"2130",395,447
"2131",395,448
"2132",395,1237
"2133",395,1239
"2134",395,1257
"2135",395,1819
"2136",396,445
"2137",396,962
"2138",396,964
"2139",396,1236
"2140",396,1241
"2141",396,1883
"2142",397,448
"2143",397,1235
"2144",397,1236
"2145",397,1238
"2146",397,1239
"2147",397,1240
"2148",398,400
"2149",398,1495
"2150",398,1808
"2151",398,1815
"2152",398,1820
"2153",399,1495
"2154",399,1496
"2155",399,1497
"2156",399,1504
"2157",400,410
"2158",400,453
"2159",400,455
"2160",400,1268
"2161",400,1491
"2162",400,1815
"2163",400,1820
"2164",401,1446
"2165",401,1450
"2166",401,1452
"2167",401,1456
"2168",401,1524
"2169",402,457
"2170",402,1455
"2171",402,1456
"2172",402,1499
"2173",402,1524
"2174",403,405
"2175",403,1482
"2176",403,1500
"2177",403,1502
"2178",403,1726
"2179",404,458
"2180",404,1448
"2181",404,1454
"2182",404,1455
"2183",404,1500
"2184",405,458
"2185",405,460
"2186",405,1481
"2187",405,1500
"2188",405,1502
"2189",405,1503
"2190",406,452
"2191",406,1484
"2192",406,1485
"2193",406,1497
"2194",406,1501
"2195",407,1481
"2196",407,1483
"2197",407,1484
"2198",407,1502
"2199",408,463
"2200",408,1252
"2201",408,1260
"2202",408,1262
"2203",408,1266
"2204",409,410
"2205",409,1258
"2206",409,1260
"2207",409,1267
"2208",409,1268
"2209",410,455
"2210",410,1267
"2211",410,1268
"2212",410,1821
"2213",411,412
"2214",411,743
"2215",411,1034
"2216",411,1272
"2217",411,1274
"2218",411,1275
"2219",411,1380
"2220",412,413
"2221",412,1274
"2222",412,1380
"2223",412,1921
"2224",412,1923
"2225",413,468
"2226",413,1419
"2227",413,1920
"2228",413,1921
"2229",413,1923
"2230",414,1600
"2231",414,1601
"2232",414,1602
"2233",414,1610
"2234",414,1620
"2235",414,1621
"2236",415,470
"2237",415,1605
"2238",415,1610
"2239",415,1611
"2240",415,1648
"2241",415,1652
"2242",416,472
"2243",416,1363
"2244",416,1364
"2245",416,1601
"2246",416,1603
"2247",416,1612
"2248",417,425
"2249",417,469
"2250",417,1029
"2251",417,1408
"2252",417,1676
"2253",417,1677
"2254",418,1408
"2255",418,1409
"2256",418,1410
"2257",418,2003
"2258",419,1346
"2259",419,1347
"2260",419,1651
"2261",419,1987
"2262",419,2003
"2263",420,475
"2264",420,1343
"2265",420,1345
"2266",420,1346
"2267",420,1605
"2268",420,1649
"2269",421,425
"2270",421,1674
"2271",421,1676
"2272",421,1966
"2273",421,1967
"2274",422,1404
"2275",422,1955
"2276",422,1965
"2277",422,1966
"2278",423,468
"2279",423,1400
"2280",423,1401
"2281",423,1420
"2282",423,1920
"2283",424,1400
"2284",424,1402
"2285",424,1916
"2286",424,1955
"2287",425,469
"2288",425,478
"2289",425,482
"2290",425,1676
"2291",425,1956
"2292",425,1967
"2293",426,430
"2294",426,1289
"2295",426,1294
"2296",426,1319
"2297",426,1415
"2298",427,433
"2299",427,1014
"2300",427,1015
"2301",427,1291
"2302",427,1359
"2303",428,485
"2304",428,1013
"2305",428,1014
"2306",428,1017
"2307",428,1294
"2308",429,431
"2309",429,432
"2310",429,1317
"2311",429,1318
"2312",429,1881
"2313",430,431
"2314",430,1288
"2315",430,1289
"2316",430,1323
"2317",430,1415
"2318",431,487
"2319",431,1288
"2320",431,1317
"2321",431,1321
"2322",431,1323
"2323",432,444
"2324",432,979
"2325",432,1317
"2326",432,1318
"2327",432,1853
"2328",433,435
"2329",433,1006
"2330",433,1291
"2331",433,1359
"2332",433,1360
"2333",434,1313
"2334",434,1316
"2335",434,1349
"2336",434,1363
"2337",434,1643
"2338",435,490
"2339",435,491
"2340",435,1006
"2341",435,1360
"2342",435,1362
"2343",435,1366
"2344",436,439
"2345",436,444
"2346",436,971
"2347",436,978
"2348",436,979
"2349",436,980
"2350",436,1861
"2351",437,982
"2352",437,983
"2353",437,984
"2354",437,1862
"2355",438,439
"2356",438,494
"2357",438,982
"2358",438,985
"2359",438,986
"2360",438,1862
"2361",439,971
"2362",439,978
"2363",439,985
"2364",439,1862
"2365",440,955
"2366",440,974
"2367",440,983
"2368",440,1005
"2369",441,957
"2370",441,959
"2371",441,960
"2372",441,961
"2373",441,962
"2374",441,963
"2375",442,443
"2376",442,496
"2377",442,955
"2378",442,956
"2379",442,957
"2380",443,497
"2381",443,949
"2382",443,956
"2383",443,957
"2384",443,961
"2385",443,1528
"2386",444,972
"2387",444,979
"2388",444,980
"2389",444,1853
"2390",445,450
"2391",445,962
"2392",445,963
"2393",445,1241
"2394",445,1242
"2395",446,1252
"2396",446,1257
"2397",446,1262
"2398",446,1263
"2399",446,1264
"2400",447,448
"2401",447,503
"2402",447,1214
"2403",447,1257
"2404",447,1263
"2405",447,1527
"2406",448,504
"2407",448,1239
"2408",448,1240
"2409",448,1249
"2410",448,1527
"2411",449,450
"2412",449,1240
"2413",449,1241
"2414",449,1249
"2415",449,1250
"2416",449,1883
"2417",450,505
"2418",450,953
"2419",450,1241
"2420",450,1242
"2421",450,1250
"2422",450,1251
"2423",451,456
"2424",451,508
"2425",451,1442
"2426",451,1446
"2427",451,1450
"2428",451,1489
"2429",452,454
"2430",452,461
"2431",452,509
"2432",452,1485
"2433",452,1487
"2434",452,1496
"2435",452,1497
"2436",453,454
"2437",453,1490
"2438",453,1491
"2439",453,1496
"2440",453,1815
"2441",454,509
"2442",454,1490
"2443",454,1496
"2444",454,1506
"2445",455,511
"2446",455,1491
"2447",455,1821
"2448",455,1822
"2449",456,459
"2450",456,1442
"2451",456,1446
"2452",456,1447
"2453",456,1449
"2454",457,1447
"2455",457,1448
"2456",457,1455
"2457",457,1498
"2458",457,1524
"2459",458,1448
"2460",458,1492
"2461",458,1500
"2462",458,1503
"2463",459,512
"2464",459,514
"2465",459,515
"2466",459,1447
"2467",459,1449
"2468",459,1488
"2469",459,1498
"2470",460,462
"2471",460,513
"2472",460,1481
"2473",460,1493
"2474",460,1503
"2475",461,462
"2476",461,1483
"2477",461,1485
"2478",461,1487
"2479",461,1508
"2480",462,516
"2481",462,517
"2482",462,1481
"2483",462,1483
"2484",462,1493
"2485",462,1507
"2486",462,1508
"2487",463,1220
"2488",463,1261
"2489",463,1262
"2490",463,1265
"2491",463,1266
"2492",464,1231
"2493",464,1232
"2494",464,1266
"2495",464,1267
"2496",464,1821
"2497",465,466
"2498",465,779
"2499",465,1031
"2500",465,1272
"2501",465,1274
"2502",465,1921
"2503",466,467
"2504",466,1031
"2505",466,1417
"2506",466,1419
"2507",466,1921
"2508",467,468
"2509",467,521
"2510",467,522
"2511",467,1398
"2512",467,1417
"2513",467,1419
"2514",468,481
"2515",468,1398
"2516",468,1401
"2517",468,1419
"2518",468,1920
"2519",468,1922
"2520",469,473
"2521",469,482
"2522",469,524
"2523",469,1677
"2524",469,1989
"2525",469,2001
"2526",470,1343
"2527",470,1605
"2528",470,1606
"2529",470,1607
"2530",470,1611
"2531",471,1602
"2532",471,1603
"2533",471,1609
"2534",471,1611
"2535",471,1612
"2536",472,527
"2537",472,528
"2538",472,1311
"2539",472,1363
"2540",472,1612
"2541",473,474
"2542",473,1409
"2543",473,1677
"2544",473,1988
"2545",473,1989
"2546",474,476
"2547",474,1409
"2548",474,1987
"2549",474,1988
"2550",474,2003
"2551",475,477
"2552",475,525
"2553",475,1343
"2554",475,1345
"2555",475,1606
"2556",475,1953
"2557",476,477
"2558",476,531
"2559",476,1347
"2560",476,1986
"2561",476,1987
"2562",476,1988
"2563",476,2002
"2564",477,1345
"2565",477,1347
"2566",477,1953
"2567",477,1986
"2568",478,479
"2569",478,1404
"2570",478,1956
"2571",478,1957
"2572",478,1967
"2573",479,480
"2574",479,533
"2575",479,1396
"2576",479,1403
"2577",479,1404
"2578",479,1957
"2579",480,481
"2580",480,1402
"2581",480,1403
"2582",480,1404
"2583",480,1955
"2584",481,1401
"2585",481,1402
"2586",481,1403
"2587",481,1922
"2588",482,532
"2589",482,535
"2590",482,1956
"2591",482,1958
"2592",482,2001
"2593",483,484
"2594",483,491
"2595",483,536
"2596",483,1313
"2597",483,1314
"2598",483,1315
"2599",483,1316
"2600",484,528
"2601",484,1311
"2602",484,1312
"2603",484,1313
"2604",484,1314
"2605",485,539
"2606",485,1017
"2607",485,1292
"2608",485,1293
"2609",485,1294
"2610",485,1415
"2611",486,492
"2612",486,1013
"2613",486,1017
"2614",486,1018
"2615",486,1291
"2616",486,1361
"2617",487,489
"2618",487,1317
"2619",487,1320
"2620",487,1321
"2621",487,1853
"2622",488,540
"2623",488,1292
"2624",488,1293
"2625",488,1321
"2626",488,1322
"2627",488,1323
"2628",489,500
"2629",489,541
"2630",489,972
"2631",489,973
"2632",489,1320
"2633",489,1326
"2634",489,1853
"2635",490,543
"2636",490,1204
"2637",490,1360
"2638",490,1361
"2639",490,1365
"2640",490,1366
"2641",491,1315
"2642",491,1316
"2643",491,1362
"2644",491,1366
"2645",492,545
"2646",492,1018
"2647",492,1324
"2648",492,1325
"2649",492,1361
"2650",492,1365
"2651",493,500
"2652",493,969
"2653",493,970
"2654",493,971
"2655",493,980
"2656",494,496
"2657",494,974
"2658",494,982
"2659",494,986
"2660",494,993
"2661",495,547
"2662",495,969
"2663",495,985
"2664",495,986
"2665",495,992
"2666",496,498
"2667",496,955
"2668",496,956
"2669",496,974
"2670",496,989
"2671",496,993
"2672",497,501
"2673",497,949
"2674",497,950
"2675",497,961
"2676",497,1242
"2677",498,956
"2678",498,958
"2679",498,989
"2680",498,1528
"2681",499,549
"2682",499,949
"2683",499,950
"2684",499,958
"2685",499,1000
"2686",499,1528
"2687",500,965
"2688",500,970
"2689",500,972
"2690",500,973
"2691",500,980
"2692",501,549
"2693",501,950
"2694",501,951
"2695",501,953
"2696",501,1242
"2697",501,1526
"2698",502,503
"2699",502,518
"2700",502,554
"2701",502,1213
"2702",502,1218
"2703",502,1220
"2704",502,1261
"2705",502,1529
"2706",503,1213
"2707",503,1214
"2708",503,1261
"2709",503,1263
"2710",504,506
"2711",504,1214
"2712",504,1215
"2713",504,1248
"2714",504,1249
"2715",504,1527
"2716",505,556
"2717",505,953
"2718",505,1114
"2719",505,1244
"2720",505,1251
"2721",505,1526
"2722",506,557
"2723",506,1215
"2724",506,1243
"2725",506,1247
"2726",506,1248
"2727",507,1243
"2728",507,1244
"2729",507,1248
"2730",507,1250
"2731",507,1251
"2732",508,512
"2733",508,1439
"2734",508,1441
"2735",508,1442
"2736",509,560
"2737",509,561
"2738",509,1487
"2739",509,1505
"2740",509,1506
"2741",510,561
"2742",510,1490
"2743",510,1506
"2744",510,1751
"2745",510,1822
"2746",511,559
"2747",511,1230
"2748",511,1232
"2749",511,1821
"2750",511,1822
"2751",511,1823
"2752",512,515
"2753",512,1435
"2754",512,1441
"2755",512,1442
"2756",512,1449
"2757",513,514
"2758",513,566
"2759",513,1438
"2760",513,1492
"2761",513,1493
"2762",513,1494
"2763",513,1503
"2764",514,1488
"2765",514,1492
"2766",514,1494
"2767",514,1498
"2768",515,565
"2769",515,1431
"2770",515,1433
"2771",515,1435
"2772",515,1488
"2773",516,567
"2774",516,1429
"2775",516,1438
"2776",516,1493
"2777",516,1507
"2778",517,1466
"2779",517,1505
"2780",517,1507
"2781",517,1508
"2782",518,571
"2783",518,1218
"2784",518,1219
"2785",518,1220
"2786",518,1225
"2787",519,1219
"2788",519,1229
"2789",519,1230
"2790",519,1231
"2791",519,1265
"2792",520,521
"2793",520,812
"2794",520,1031
"2795",520,1273
"2796",520,1309
"2797",520,1417
"2798",521,522
"2799",521,1309
"2800",521,1405
"2801",521,1417
"2802",522,573
"2803",522,574
"2804",522,1282
"2805",522,1398
"2806",522,1399
"2807",522,1405
"2808",523,575
"2809",523,1398
"2810",523,1399
"2811",523,1418
"2812",523,1922
"2813",524,532
"2814",524,576
"2815",524,1984
"2816",524,1989
"2817",524,1990
"2818",524,1991
"2819",524,2001
"2820",525,526
"2821",525,1606
"2822",525,1607
"2823",525,1608
"2824",525,1953
"2825",525,1979
"2826",526,527
"2827",526,1607
"2828",526,1608
"2829",526,1609
"2830",526,1954
"2831",527,528
"2832",527,1609
"2833",527,1612
"2834",527,1947
"2835",527,1954
"2836",528,537
"2837",528,1310
"2838",528,1311
"2839",528,1312
"2840",528,1947
"2841",529,1833
"2842",529,1988
"2843",529,1990
"2844",529,1991
"2845",529,2002
"2846",530,579
"2847",530,1948
"2848",530,1952
"2849",530,1953
"2850",530,1979
"2851",531,580
"2852",531,581
"2853",531,1833
"2854",531,1949
"2855",531,1952
"2856",531,1986
"2857",531,2002
"2858",532,535
"2859",532,582
"2860",532,1984
"2861",532,1992
"2862",532,2001
"2863",533,535
"2864",533,1395
"2865",533,1396
"2866",533,1957
"2867",533,1958
"2868",534,575
"2869",534,1394
"2870",534,1396
"2871",534,1403
"2872",534,1418
"2873",535,584
"2874",535,1393
"2875",535,1395
"2876",535,1958
"2877",535,1992
"2878",536,544
"2879",536,585
"2880",536,1296
"2881",536,1297
"2882",536,1314
"2883",536,1315
"2884",537,586
"2885",537,1206
"2886",537,1210
"2887",537,1310
"2888",537,1312
"2889",538,1205
"2890",538,1206
"2891",538,1297
"2892",538,1314
"2893",539,1017
"2894",539,1018
"2895",539,1292
"2896",539,1306
"2897",539,1324
"2898",540,589
"2899",540,1292
"2900",540,1299
"2901",540,1305
"2902",540,1306
"2903",540,1322
"2904",541,592
"2905",541,593
"2906",541,973
"2907",541,1326
"2908",541,1852
"2909",542,1299
"2910",542,1320
"2911",542,1322
"2912",542,1326
"2913",542,1851
"2914",543,544
"2915",543,546
"2916",543,1204
"2917",543,1295
"2918",543,1325
"2919",543,1327
"2920",543,1365
"2921",544,1204
"2922",544,1295
"2923",544,1296
"2924",544,1315
"2925",545,546
"2926",545,589
"2927",545,1304
"2928",545,1308
"2929",545,1324
"2930",545,1325
"2931",546,594
"2932",546,1308
"2933",546,1325
"2934",546,1327
"2935",547,551
"2936",547,947
"2937",547,969
"2938",547,990
"2939",547,992
"2940",548,948
"2941",548,988
"2942",548,989
"2943",548,992
"2944",548,993
"2945",549,598
"2946",549,950
"2947",549,951
"2948",549,952
"2949",549,1000
"2950",550,599
"2951",550,958
"2952",550,988
"2953",550,994
"2954",550,997
"2955",550,1000
"2956",551,602
"2957",551,603
"2958",551,947
"2959",551,987
"2960",551,990
"2961",551,991
"2962",552,602
"2963",552,965
"2964",552,966
"2965",552,991
"2966",552,1083
"2967",553,600
"2968",553,951
"2969",553,952
"2970",553,1114
"2971",553,1525
"2972",553,1526
"2973",554,555
"2974",554,569
"2975",554,1216
"2976",554,1218
"2977",554,1225
"2978",554,1246
"2979",554,1529
"2980",555,1213
"2981",555,1215
"2982",555,1246
"2983",555,1247
"2984",555,1529
"2985",556,605
"2986",556,1114
"2987",556,1116
"2988",556,1118
"2989",556,1244
"2990",557,607
"2991",557,1118
"2992",557,1184
"2993",557,1243
"2994",557,1245
"2995",557,1247
"2996",558,608
"2997",558,1439
"2998",558,1441
"2999",558,1443
"3000",558,1444
"3001",559,570
"3002",559,1162
"3003",559,1228
"3004",559,1229
"3005",559,1230
"3006",559,1823
"3007",560,561
"3008",560,568
"3009",560,1428
"3010",560,1465
"3011",560,1466
"3012",560,1505
"3013",561,563
"3014",561,1464
"3015",561,1465
"3016",561,1506
"3017",561,1751
"3018",562,563
"3019",562,611
"3020",562,613
"3021",562,1160
"3022",562,1161
"3023",562,1162
"3024",562,1228
"3025",562,1463
"3026",563,1228
"3027",563,1463
"3028",563,1464
"3029",563,1751
"3030",563,1823
"3031",564,1433
"3032",564,1434
"3033",564,1435
"3034",564,1443
"3035",565,614
"3036",565,616
"3037",565,1431
"3038",565,1432
"3039",565,1433
"3040",566,616
"3041",566,1429
"3042",566,1431
"3043",566,1438
"3044",566,1494
"3045",567,1429
"3046",567,1430
"3047",567,1436
"3048",567,1437
"3049",567,1507
"3050",568,618
"3051",568,1075
"3052",568,1428
"3053",568,1436
"3054",568,1466
"3055",569,571
"3056",569,621
"3057",569,1216
"3058",569,1225
"3059",569,1227
"3060",570,571
"3061",570,610
"3062",570,1162
"3063",570,1219
"3064",570,1229
"3065",570,1460
"3066",571,1219
"3067",571,1225
"3068",571,1227
"3069",571,1460
"3070",572,573
"3071",572,838
"3072",572,941
"3073",572,945
"3074",572,1033
"3075",572,1309
"3076",572,1405
"3077",573,624
"3078",573,945
"3079",573,1282
"3080",573,1287
"3081",573,1405
"3082",574,575
"3083",574,1280
"3084",574,1282
"3085",574,1397
"3086",574,1399
"3087",575,583
"3088",575,1279
"3089",575,1280
"3090",575,1394
"3091",575,1399
"3092",575,1418
"3093",576,627
"3094",576,1984
"3095",576,1985
"3096",576,1991
"3097",576,1998
"3098",577,578
"3099",577,579
"3100",577,1608
"3101",577,1946
"3102",577,1954
"3103",577,1978
"3104",577,1979
"3105",578,1310
"3106",578,1946
"3107",578,1947
"3108",578,1954
"3109",579,581
"3110",579,629
"3111",579,1948
"3112",579,1950
"3113",579,1978
"3114",579,1979
"3115",580,1833
"3116",580,1949
"3117",580,1996
"3118",580,1998
"3119",581,630
"3120",581,1948
"3121",581,1949
"3122",581,1950
"3123",581,1952
"3124",581,1980
"3125",582,631
"3126",582,1959
"3127",582,1984
"3128",582,1985
"3129",582,1992
"3130",583,1279
"3131",583,1393
"3132",583,1394
"3133",583,1395
"3134",584,632
"3135",584,633
"3136",584,1393
"3137",584,1959
"3138",584,1961
"3139",584,1992
"3140",585,588
"3141",585,595
"3142",585,1201
"3143",585,1202
"3144",585,1295
"3145",585,1296
"3146",585,1297
"3147",586,634
"3148",586,1134
"3149",586,1210
"3150",586,1310
"3151",586,1945
"3152",587,588
"3153",587,636
"3154",587,1134
"3155",587,1205
"3156",587,1210
"3157",587,1943
"3158",588,637
"3159",588,1199
"3160",588,1201
"3161",588,1205
"3162",588,1297
"3163",588,1943
"3164",589,590
"3165",589,1301
"3166",589,1304
"3167",589,1305
"3168",589,1306
"3169",589,1324
"3170",590,591
"3171",590,638
"3172",590,1298
"3173",590,1300
"3174",590,1301
"3175",590,1305
"3176",591,593
"3177",591,1298
"3178",591,1299
"3179",591,1305
"3180",591,1851
"3181",592,593
"3182",592,601
"3183",592,640
"3184",592,1081
"3185",592,1083
"3186",592,1131
"3187",592,1852
"3188",593,1131
"3189",593,1298
"3190",593,1326
"3191",593,1851
"3192",594,596
"3193",594,641
"3194",594,1302
"3195",594,1303
"3196",594,1308
"3197",594,1327
"3198",595,1202
"3199",595,1295
"3200",595,1302
"3201",595,1327
"3202",596,642
"3203",596,1278
"3204",596,1303
"3205",596,1304
"3206",596,1308
"3207",597,947
"3208",597,948
"3209",597,987
"3210",597,994
"3211",597,995
"3212",598,952
"3213",598,997
"3214",598,999
"3215",598,1000
"3216",598,1001
"3217",599,994
"3218",599,995
"3219",599,996
"3220",599,997
"3221",599,998
"3222",600,952
"3223",600,1001
"3224",600,1106
"3225",600,1107
"3226",600,1525
"3227",601,1080
"3228",601,1081
"3229",601,1082
"3230",601,1083
"3231",602,603
"3232",602,604
"3233",602,966
"3234",602,967
"3235",602,991
"3236",602,1086
"3237",603,643
"3238",603,987
"3239",603,1086
"3240",604,652
"3241",604,946
"3242",604,966
"3243",604,967
"3244",604,1080
"3245",605,1114
"3246",605,1115
"3247",605,1116
"3248",605,1117
"3249",605,1525
"3250",606,1184
"3251",606,1185
"3252",606,1216
"3253",606,1217
"3254",606,1245
"3255",606,1246
"3256",607,653
"3257",607,1116
"3258",607,1118
"3259",607,1184
"3260",607,1186
"3261",608,609
"3262",608,1422
"3263",608,1426
"3264",608,1434
"3265",608,1443
"3266",608,1444
"3267",609,615
"3268",609,656
"3269",609,1426
"3270",609,1427
"3271",609,1434
"3272",610,1161
"3273",610,1162
"3274",610,1223
"3275",610,1224
"3276",610,1460
"3277",611,658
"3278",611,1054
"3279",611,1159
"3280",611,1160
"3281",611,1161
"3282",611,1224
"3283",612,1069
"3284",612,1070
"3285",612,1428
"3286",612,1464
"3287",612,1465
"3288",613,660
"3289",613,1069
"3290",613,1159
"3291",613,1160
"3292",613,1463
"3293",613,1464
"3294",614,615
"3295",614,1424
"3296",614,1427
"3297",614,1432
"3298",614,1433
"3299",615,656
"3300",615,661
"3301",615,1424
"3302",615,1425
"3303",615,1427
"3304",615,1468
"3305",616,617
"3306",616,1429
"3307",616,1430
"3308",616,1431
"3309",616,1432
"3310",616,1467
"3311",617,1074
"3312",617,1430
"3313",617,1437
"3314",617,1467
"3315",618,619
"3316",618,1073
"3317",618,1075
"3318",618,1436
"3319",618,1437
"3320",619,663
"3321",619,1073
"3322",619,1074
"3323",619,1437
"3324",619,1471
"3325",620,659
"3326",620,1070
"3327",620,1071
"3328",620,1072
"3329",620,1075
"3330",621,665
"3331",621,1044
"3332",621,1050
"3333",621,1216
"3334",621,1217
"3335",621,1227
"3336",622,1223
"3337",622,1227
"3338",622,1253
"3339",622,1460
"3340",623,857
"3341",623,941
"3342",623,943
"3343",623,944
"3344",623,945
"3345",623,1287
"3346",624,626
"3347",624,1282
"3348",624,1286
"3349",624,1287
"3350",624,1397
"3351",625,626
"3352",625,633
"3353",625,1277
"3354",625,1279
"3355",625,1280
"3356",625,1397
"3357",626,670
"3358",626,671
"3359",626,1277
"3360",626,1285
"3361",626,1286
"3362",626,1397
"3363",627,1985
"3364",627,1995
"3365",627,1996
"3366",627,1998
"3367",628,634
"3368",628,1944
"3369",628,1945
"3370",628,1946
"3371",628,1978
"3372",629,673
"3373",629,1944
"3374",629,1950
"3375",629,1951
"3376",629,1978
"3377",629,1980
"3378",630,672
"3379",630,1949
"3380",630,1980
"3381",630,1996
"3382",630,1997
"3383",631,675
"3384",631,1959
"3385",631,1985
"3386",631,1995
"3387",631,1999
"3388",632,676
"3389",632,1276
"3390",632,1959
"3391",632,1961
"3392",632,1999
"3393",633,670
"3394",633,1277
"3395",633,1279
"3396",633,1393
"3397",633,1961
"3398",633,1962
"3399",634,673
"3400",634,678
"3401",634,1132
"3402",634,1134
"3403",634,1942
"3404",634,1944
"3405",634,1945
"3406",635,679
"3407",635,1199
"3408",635,1200
"3409",635,1201
"3410",635,1202
"3411",636,681
"3412",636,1134
"3413",636,1208
"3414",636,1942
"3415",636,1943
"3416",637,680
"3417",637,1199
"3418",637,1208
"3419",637,1209
"3420",637,1943
"3421",638,682
"3422",638,1124
"3423",638,1278
"3424",638,1300
"3425",638,1301
"3426",639,1127
"3427",639,1130
"3428",639,1131
"3429",639,1298
"3430",639,1300
"3431",640,649
"3432",640,683
"3433",640,1081
"3434",640,1130
"3435",640,1131
"3436",641,684
"3437",641,1200
"3438",641,1302
"3439",641,1303
"3440",642,685
"3441",642,1124
"3442",642,1203
"3443",642,1278
"3444",642,1303
"3445",643,644
"3446",643,987
"3447",643,996
"3448",643,1086
"3449",643,1089
"3450",644,996
"3451",644,998
"3452",644,1089
"3453",644,1094
"3454",645,646
"3455",645,999
"3456",645,1001
"3457",645,1104
"3458",645,1106
"3459",645,1661
"3460",646,648
"3461",646,689
"3462",646,1097
"3463",646,1104
"3464",646,1105
"3465",646,1106
"3466",646,1107
"3467",647,648
"3468",647,653
"3469",647,688
"3470",647,1115
"3471",647,1117
"3472",647,1178
"3473",647,1179
"3474",648,1105
"3475",648,1107
"3476",648,1115
"3477",648,1178
"3478",649,650
"3479",649,683
"3480",649,691
"3481",649,1078
"3482",649,1081
"3483",649,1082
"3484",649,1191
"3485",650,692
"3486",650,946
"3487",650,1082
"3488",650,1191
"3489",651,693
"3490",651,967
"3491",651,1084
"3492",651,1086
"3493",651,1087
"3494",652,695
"3495",652,946
"3496",652,967
"3497",652,1084
"3498",652,1085
"3499",653,688
"3500",653,1116
"3501",653,1117
"3502",653,1182
"3503",653,1186
"3504",654,1050
"3505",654,1181
"3506",654,1185
"3507",654,1186
"3508",655,656
"3509",655,1367
"3510",655,1422
"3511",655,1426
"3512",655,1469
"3513",656,699
"3514",656,1425
"3515",656,1426
"3516",656,1469
"3517",657,667
"3518",657,1047
"3519",657,1054
"3520",657,1056
"3521",657,1223
"3522",657,1224
"3523",658,1053
"3524",658,1054
"3525",658,1061
"3526",658,1159
"3527",659,660
"3528",659,1062
"3529",659,1063
"3530",659,1071
"3531",659,1072
"3532",659,1462
"3533",660,1069
"3534",660,1071
"3535",660,1159
"3536",660,1462
"3537",661,701
"3538",661,1425
"3539",661,1468
"3540",661,1475
"3541",661,1477
"3542",662,1424
"3543",662,1467
"3544",662,1468
"3545",662,1474
"3546",663,707
"3547",663,1074
"3548",663,1471
"3549",663,1472
"3550",663,1474
"3551",664,704
"3552",664,1062
"3553",664,1072
"3554",664,1073
"3555",664,1470
"3556",664,1471
"3557",665,1044
"3558",665,1048
"3559",665,1049
"3560",665,1050
"3561",666,1043
"3562",666,1044
"3563",666,1046
"3564",666,1047
"3565",666,1253
"3566",667,1042
"3567",667,1046
"3568",667,1047
"3569",667,1056
"3570",667,1057
"3571",668,669
"3572",668,872
"3573",668,943
"3574",668,944
"3575",668,1284
"3576",669,944
"3577",669,1281
"3578",669,1284
"3579",669,1285
"3580",669,1286
"3581",670,671
"3582",670,677
"3583",670,1277
"3584",670,1962
"3585",670,1963
"3586",671,715
"3587",671,716
"3588",671,1281
"3589",671,1283
"3590",671,1285
"3591",671,1963
"3592",672,717
"3593",672,1993
"3594",672,1995
"3595",672,1996
"3596",672,1997
"3597",672,2000
"3598",673,718
"3599",673,1132
"3600",673,1939
"3601",673,1944
"3602",673,1951
"3603",674,719
"3604",674,1939
"3605",674,1951
"3606",674,1980
"3607",674,1993
"3608",674,1997
"3609",675,720
"3610",675,1964
"3611",675,1995
"3612",675,1999
"3613",675,2000
"3614",676,721
"3615",676,1276
"3616",676,1960
"3617",676,1964
"3618",676,1999
"3619",677,722
"3620",677,1276
"3621",677,1392
"3622",677,1960
"3623",677,1962
"3624",677,1963
"3625",678,723
"3626",678,1132
"3627",678,1133
"3628",678,1745
"3629",678,1942
"3630",679,724
"3631",679,1119
"3632",679,1199
"3633",679,1200
"3634",679,1209
"3635",679,1307
"3636",680,725
"3637",680,1119
"3638",680,1198
"3639",680,1208
"3640",680,1209
"3641",681,726
"3642",681,1133
"3643",681,1198
"3644",681,1208
"3645",681,1942
"3646",682,685
"3647",682,1123
"3648",682,1124
"3649",682,1127
"3650",682,1128
"3651",682,1300
"3652",683,727
"3653",683,1078
"3654",683,1079
"3655",683,1128
"3656",683,1130
"3657",684,729
"3658",684,1126
"3659",684,1200
"3660",684,1203
"3661",684,1303
"3662",684,1307
"3663",685,728
"3664",685,1123
"3665",685,1124
"3666",685,1126
"3667",685,1203
"3668",686,694
"3669",686,1087
"3670",686,1088
"3671",686,1089
"3672",686,1090
"3673",686,1091
"3674",686,1094
"3675",687,731
"3676",687,1090
"3677",687,1092
"3678",687,1097
"3679",687,1104
"3680",687,1661
"3681",688,690
"3682",688,697
"3683",688,733
"3684",688,1156
"3685",688,1179
"3686",688,1182
"3687",689,732
"3688",689,1097
"3689",689,1105
"3690",689,1157
"3691",689,1178
"3692",690,734
"3693",690,735
"3694",690,1156
"3695",690,1157
"3696",690,1178
"3697",690,1179
"3698",691,730
"3699",691,1078
"3700",691,1079
"3701",691,1129
"3702",691,1191
"3703",692,736
"3704",692,946
"3705",692,1085
"3706",692,1147
"3707",692,1191
"3708",693,694
"3709",693,695
"3710",693,1084
"3711",693,1087
"3712",693,1088
"3713",693,1190
"3714",694,731
"3715",694,738
"3716",694,739
"3717",694,1088
"3718",694,1091
"3719",694,1189
"3720",694,1190
"3721",695,736
"3722",695,738
"3723",695,1084
"3724",695,1085
"3725",695,1095
"3726",695,1190
"3727",696,697
"3728",696,698
"3729",696,1049
"3730",696,1050
"3731",696,1051
"3732",696,1181
"3733",697,733
"3734",697,1051
"3735",697,1180
"3736",697,1181
"3737",697,1182
"3738",698,710
"3739",698,742
"3740",698,1045
"3741",698,1048
"3742",698,1049
"3743",698,1051
"3744",698,1221
"3745",699,700
"3746",699,701
"3747",699,702
"3748",699,1269
"3749",699,1425
"3750",699,1469
"3751",700,1034
"3752",700,1269
"3753",700,1367
"3754",700,1469
"3755",701,702
"3756",701,706
"3757",701,745
"3758",701,1270
"3759",701,1425
"3760",701,1475
"3761",702,744
"3762",702,1269
"3763",702,1270
"3764",702,1271
"3765",702,1478
"3766",703,1039
"3767",703,1053
"3768",703,1054
"3769",703,1055
"3770",703,1056
"3771",704,747
"3772",704,1062
"3773",704,1063
"3774",704,1064
"3775",704,1470
"3776",705,746
"3777",705,1037
"3778",705,1039
"3779",705,1061
"3780",705,1063
"3781",705,1462
"3782",706,707
"3783",706,745
"3784",706,748
"3785",706,1059
"3786",706,1473
"3787",706,1475
"3788",706,1477
"3789",707,1472
"3790",707,1473
"3791",707,1474
"3792",707,1477
"3793",708,749
"3794",708,1064
"3795",708,1068
"3796",708,1470
"3797",708,1472
"3798",709,710
"3799",709,713
"3800",709,1041
"3801",709,1042
"3802",709,1043
"3803",709,1046
"3804",710,1041
"3805",710,1043
"3806",710,1045
"3807",710,1048
"3808",711,712
"3809",711,746
"3810",711,750
"3811",711,1039
"3812",711,1055
"3813",711,1174
"3814",712,713
"3815",712,1055
"3816",712,1057
"3817",712,1168
"3818",712,1174
"3819",713,753
"3820",713,1041
"3821",713,1042
"3822",713,1057
"3823",713,1168
"3824",713,1173
"3825",714,715
"3826",714,881
"3827",714,888
"3828",714,1281
"3829",714,1284
"3830",714,1994
"3831",715,1281
"3832",715,1283
"3833",715,1981
"3834",715,1994
"3835",716,1283
"3836",716,1392
"3837",716,1963
"3838",717,719
"3839",717,757
"3840",717,1934
"3841",717,1993
"3842",717,2000
"3843",718,719
"3844",718,1132
"3845",718,1745
"3846",718,1939
"3847",718,1940
"3848",719,757
"3849",719,758
"3850",719,1937
"3851",719,1939
"3852",719,1940
"3853",719,1993
"3854",720,721
"3855",720,759
"3856",720,1934
"3857",720,1936
"3858",720,1964
"3859",720,1972
"3860",720,2000
"3861",721,722
"3862",721,1960
"3863",721,1964
"3864",721,1972
"3865",721,1982
"3866",722,756
"3867",722,1392
"3868",722,1960
"3869",722,1982
"3870",723,761
"3871",723,1133
"3872",723,1211
"3873",723,1745
"3874",723,1941
"3875",724,725
"3876",724,762
"3877",724,1119
"3878",724,1120
"3879",724,1307
"3880",725,726
"3881",725,762
"3882",725,763
"3883",725,1119
"3884",725,1197
"3885",725,1198
"3886",725,1207
"3887",726,1133
"3888",726,1198
"3889",726,1207
"3890",726,1941
"3891",726,1971
"3892",727,730
"3893",727,1079
"3894",727,1123
"3895",727,1125
"3896",727,1128
"3897",728,729
"3898",728,764
"3899",728,1077
"3900",728,1123
"3901",728,1125
"3902",728,1126
"3903",729,765
"3904",729,1077
"3905",729,1120
"3906",729,1126
"3907",729,1307
"3908",730,737
"3909",730,764
"3910",730,766
"3911",730,1079
"3912",730,1125
"3913",730,1129
"3914",730,1148
"3915",731,739
"3916",731,1090
"3917",731,1091
"3918",731,1092
"3919",731,1096
"3920",732,767
"3921",732,1092
"3922",732,1096
"3923",732,1097
"3924",732,1155
"3925",732,1157
"3926",733,735
"3927",733,1156
"3928",733,1180
"3929",733,1854
"3930",734,735
"3931",734,768
"3932",734,1098
"3933",734,1155
"3934",734,1157
"3935",735,769
"3936",735,1098
"3937",735,1113
"3938",735,1156
"3939",735,1854
"3940",736,770
"3941",736,1085
"3942",736,1095
"3943",736,1140
"3944",736,1147
"3945",736,1149
"3946",737,1129
"3947",737,1147
"3948",737,1148
"3949",737,1149
"3950",738,740
"3951",738,1095
"3952",738,1153
"3953",738,1189
"3954",738,1190
"3955",739,767
"3956",739,772
"3957",739,773
"3958",739,1096
"3959",739,1189
"3960",740,775
"3961",740,1095
"3962",740,1140
"3963",740,1151
"3964",740,1153
"3965",741,1051
"3966",741,1180
"3967",741,1183
"3968",741,1221
"3969",741,1854
"3970",742,777
"3971",742,1040
"3972",742,1045
"3973",742,1221
"3974",742,1222
"3975",743,1034
"3976",743,1269
"3977",743,1271
"3978",743,1272
"3979",744,778
"3980",744,779
"3981",744,780
"3982",744,1271
"3983",744,1478
"3984",745,780
"3985",745,781
"3986",745,1059
"3987",745,1270
"3988",745,1478
"3989",746,750
"3990",746,1037
"3991",746,1038
"3992",746,1039
"3993",747,1036
"3994",747,1037
"3995",747,1063
"3996",747,1064
"3997",747,1065
"3998",748,915
"3999",748,1059
"4000",748,1060
"4001",748,1068
"4002",748,1473
"4003",749,783
"4004",749,915
"4005",749,916
"4006",749,1064
"4007",749,1065
"4008",749,1067
"4009",749,1068
"4010",750,782
"4011",750,786
"4012",750,911
"4013",750,1038
"4014",750,1174
"4015",751,1040
"4016",751,1041
"4017",751,1173
"4018",751,1825
"4019",752,911
"4020",752,1171
"4021",752,1172
"4022",752,1174
"4023",753,787
"4024",753,1167
"4025",753,1168
"4026",753,1172
"4027",753,1173
"4028",754,755
"4029",754,881
"4030",754,932
"4031",754,933
"4032",754,1981
"4033",754,1994
"4034",755,756
"4035",755,932
"4036",755,1975
"4037",755,1981
"4038",756,760
"4039",756,1392
"4040",756,1975
"4041",756,1982
"4042",756,1983
"4043",757,794
"4044",757,1928
"4045",757,1934
"4046",757,1936
"4047",757,1937
"4048",758,1211
"4049",758,1930
"4050",758,1937
"4051",758,1940
"4052",759,796
"4053",759,1928
"4054",759,1936
"4055",759,1972
"4056",759,1977
"4057",760,793
"4058",760,1972
"4059",760,1977
"4060",760,1982
"4061",760,1983
"4062",761,797
"4063",761,1211
"4064",761,1938
"4065",761,1941
"4066",761,1971
"4067",762,798
"4068",762,1120
"4069",762,1121
"4070",762,1197
"4071",763,799
"4072",763,1196
"4073",763,1197
"4074",763,1207
"4075",763,1933
"4076",763,1971
"4077",764,766
"4078",764,1077
"4079",764,1122
"4080",764,1125
"4081",765,800
"4082",765,1077
"4083",765,1120
"4084",765,1121
"4085",765,1122
"4086",766,771
"4087",766,801
"4088",766,1122
"4089",766,1148
"4090",766,1187
"4091",767,773
"4092",767,1093
"4093",767,1096
"4094",767,1155
"4095",768,802
"4096",768,1093
"4097",768,1098
"4098",768,1099
"4099",768,1155
"4100",768,1158
"4101",769,803
"4102",769,1098
"4103",769,1112
"4104",769,1113
"4105",769,1158
"4106",770,771
"4107",770,775
"4108",770,1140
"4109",770,1149
"4110",770,1150
"4111",771,801
"4112",771,1144
"4113",771,1148
"4114",771,1149
"4115",771,1150
"4116",772,773
"4117",772,774
"4118",772,1151
"4119",772,1152
"4120",772,1153
"4121",772,1189
"4122",773,802
"4123",773,806
"4124",773,1093
"4125",773,1152
"4126",774,775
"4127",774,807
"4128",774,808
"4129",774,1151
"4130",774,1152
"4131",775,805
"4132",775,808
"4133",775,1140
"4134",775,1150
"4135",775,1151
"4136",775,1154
"4137",776,898
"4138",776,1101
"4139",776,1111
"4140",776,1183
"4141",776,1222
"4142",777,787
"4143",777,810
"4144",777,1040
"4145",777,1101
"4146",777,1176
"4147",777,1222
"4148",777,1825
"4149",778,779
"4150",778,780
"4151",778,790
"4152",778,811
"4153",778,812
"4154",778,1273
"4155",779,1031
"4156",779,1271
"4157",779,1272
"4158",779,1273
"4159",780,781
"4160",780,790
"4161",780,918
"4162",780,1478
"4163",781,784
"4164",781,918
"4165",781,1059
"4166",781,1060
"4167",781,1476
"4168",782,783
"4169",782,786
"4170",782,1036
"4171",782,1038
"4172",782,1066
"4173",782,1165
"4174",783,785
"4175",783,1036
"4176",783,1065
"4177",783,1066
"4178",783,1067
"4179",784,785
"4180",784,916
"4181",784,917
"4182",784,1060
"4183",784,1476
"4184",785,815
"4185",785,913
"4186",785,916
"4187",785,917
"4188",785,1066
"4189",785,1067
"4190",786,788
"4191",786,911
"4192",786,1163
"4193",786,1165
"4194",787,1166
"4195",787,1167
"4196",787,1173
"4197",787,1176
"4198",787,1825
"4199",788,789
"4200",788,818
"4201",788,911
"4202",788,923
"4203",788,1163
"4204",788,1170
"4205",788,1171
"4206",789,817
"4207",789,1167
"4208",789,1169
"4209",789,1170
"4210",789,1171
"4211",790,811
"4212",790,819
"4213",790,910
"4214",790,918
"4215",791,792
"4216",791,886
"4217",791,930
"4218",791,931
"4219",791,932
"4220",791,1975
"4221",792,793
"4222",792,930
"4223",792,1975
"4224",792,1976
"4225",792,1983
"4226",793,796
"4227",793,1926
"4228",793,1976
"4229",793,1977
"4230",793,1983
"4231",794,795
"4232",794,1928
"4233",794,1929
"4234",794,1930
"4235",794,1937
"4236",794,1974
"4237",795,823
"4238",795,1930
"4239",795,1931
"4240",795,1938
"4241",795,1974
"4242",796,824
"4243",796,1926
"4244",796,1928
"4245",796,1929
"4246",796,1973
"4247",796,1977
"4248",797,799
"4249",797,1931
"4250",797,1932
"4251",797,1933
"4252",797,1938
"4253",797,1970
"4254",797,1971
"4255",798,826
"4256",798,1121
"4257",798,1138
"4258",798,1196
"4259",798,1197
"4260",799,827
"4261",799,1139
"4262",799,1196
"4263",799,1933
"4264",799,1970
"4265",800,1121
"4266",800,1122
"4267",800,1138
"4268",800,1187
"4269",801,828
"4270",801,829
"4271",801,1144
"4272",801,1187
"4273",802,806
"4274",802,929
"4275",802,1093
"4276",802,1099
"4277",803,830
"4278",803,831
"4279",803,1099
"4280",803,1103
"4281",803,1112
"4282",803,1158
"4283",803,1226
"4284",804,809
"4285",804,898
"4286",804,1102
"4287",804,1103
"4288",804,1111
"4289",804,1112
"4290",805,829
"4291",805,1143
"4292",805,1144
"4293",805,1150
"4294",805,1154
"4295",806,807
"4296",806,927
"4297",806,929
"4298",806,1152
"4299",807,808
"4300",807,834
"4301",807,927
"4302",807,1135
"4303",807,1142
"4304",807,1152
"4305",808,832
"4306",808,1142
"4307",808,1154
"4308",809,896
"4309",809,898
"4310",809,1100
"4311",809,1102
"4312",810,897
"4313",810,1100
"4314",810,1101
"4315",810,1175
"4316",810,1176
"4317",811,812
"4318",811,819
"4319",811,838
"4320",811,909
"4321",811,1033
"4322",812,1033
"4323",812,1273
"4324",812,1309
"4325",813,815
"4326",813,910
"4327",813,914
"4328",813,918
"4329",813,1476
"4330",814,913
"4331",814,1058
"4332",814,1066
"4333",814,1164
"4334",814,1165
"4335",815,840
"4336",815,908
"4337",815,913
"4338",815,914
"4339",815,917
"4340",815,1058
"4341",815,1476
"4342",816,841
"4343",816,912
"4344",816,923
"4345",816,1163
"4346",816,1164
"4347",816,1461
"4348",817,837
"4349",817,1166
"4350",817,1167
"4351",817,1169
"4352",817,1175
"4353",817,1177
"4354",818,843
"4355",818,912
"4356",818,923
"4357",818,924
"4358",818,1169
"4359",818,1170
"4360",819,844
"4361",819,907
"4362",819,909
"4363",819,910
"4364",820,821
"4365",820,887
"4366",820,930
"4367",820,934
"4368",820,1924
"4369",820,1976
"4370",821,822
"4371",821,1924
"4372",821,1925
"4373",821,1926
"4374",821,1976
"4375",822,846
"4376",822,1925
"4377",822,1926
"4378",822,1927
"4379",822,1973
"4380",823,824
"4381",823,825
"4382",823,1927
"4383",823,1931
"4384",823,1932
"4385",823,1968
"4386",823,1974
"4387",824,1927
"4388",824,1929
"4389",824,1973
"4390",824,1974
"4391",825,827
"4392",825,1932
"4393",825,1968
"4394",825,1969
"4395",825,1970
"4396",826,828
"4397",826,1138
"4398",826,1139
"4399",826,1195
"4400",826,1196
"4401",827,848
"4402",827,1139
"4403",827,1195
"4404",827,1969
"4405",827,1970
"4406",828,829
"4407",828,1138
"4408",828,1141
"4409",828,1187
"4410",828,1188
"4411",828,1195
"4412",829,849
"4413",829,1141
"4414",829,1143
"4415",829,1144
"4416",830,833
"4417",830,929
"4418",830,1099
"4419",830,1108
"4420",830,1226
"4421",831,835
"4422",831,1102
"4423",831,1103
"4424",831,1110
"4425",831,1226
"4426",832,849
"4427",832,852
"4428",832,1142
"4429",832,1143
"4430",832,1145
"4431",832,1154
"4432",833,853
"4433",833,927
"4434",833,929
"4435",833,1108
"4436",833,1135
"4437",833,1136
"4438",834,854
"4439",834,1135
"4440",834,1137
"4441",834,1142
"4442",834,1145
"4443",835,836
"4444",835,855
"4445",835,896
"4446",835,928
"4447",835,1076
"4448",835,1102
"4449",835,1110
"4450",836,837
"4451",836,891
"4452",836,896
"4453",836,897
"4454",836,1076
"4455",837,842
"4456",837,856
"4457",837,891
"4458",837,897
"4459",837,919
"4460",837,1175
"4461",837,1177
"4462",838,857
"4463",838,909
"4464",838,941
"4465",838,1033
"4466",839,858
"4467",839,906
"4468",839,907
"4469",839,908
"4470",839,910
"4471",839,914
"4472",840,841
"4473",840,908
"4474",840,922
"4475",840,1058
"4476",840,1461
"4477",841,912
"4478",841,921
"4479",841,922
"4480",841,1461
"4481",842,843
"4482",842,919
"4483",842,920
"4484",842,924
"4485",842,1177
"4486",843,860
"4487",843,861
"4488",843,912
"4489",843,920
"4490",843,921
"4491",843,924
"4492",844,862
"4493",844,906
"4494",844,907
"4495",844,909
"4496",844,942
"4497",845,904
"4498",845,1146
"4499",845,1194
"4500",845,1212
"4501",845,1924
"4502",845,1925
"4503",846,847
"4504",846,1212
"4505",846,1925
"4506",846,1927
"4507",846,1968
"4508",847,863
"4509",847,1192
"4510",847,1212
"4511",847,1968
"4512",847,1969
"4513",848,850
"4514",848,1188
"4515",848,1192
"4516",848,1195
"4517",848,1969
"4518",849,850
"4519",849,852
"4520",849,900
"4521",849,1141
"4522",849,1143
"4523",849,1193
"4524",850,1141
"4525",850,1188
"4526",850,1192
"4527",850,1193
"4528",851,928
"4529",851,1108
"4530",851,1109
"4531",851,1110
"4532",851,1136
"4533",852,854
"4534",852,900
"4535",852,939
"4536",852,1145
"4537",853,865
"4538",853,899
"4539",853,1135
"4540",853,1136
"4541",853,1137
"4542",854,867
"4543",854,899
"4544",854,939
"4545",854,1137
"4546",854,1145
"4547",855,892
"4548",855,894
"4549",855,895
"4550",855,928
"4551",855,1076
"4552",856,869
"4553",856,870
"4554",856,890
"4555",856,891
"4556",856,895
"4557",856,919
"4558",857,909
"4559",857,941
"4560",857,942
"4561",857,943
"4562",857,1032
"4563",858,859
"4564",858,905
"4565",858,906
"4566",858,908
"4567",858,922
"4568",859,860
"4569",859,873
"4570",859,905
"4571",859,921
"4572",859,922
"4573",859,1035
"4574",860,861
"4575",860,921
"4576",860,1035
"4577",860,1052
"4578",861,870
"4579",861,890
"4580",861,920
"4581",861,926
"4582",861,1052
"4583",862,873
"4584",862,875
"4585",862,905
"4586",862,906
"4587",862,942
"4588",862,1032
"4589",863,864
"4590",863,1192
"4591",863,1193
"4592",863,1194
"4593",863,1212
"4594",864,866
"4595",864,900
"4596",864,1146
"4597",864,1193
"4598",864,1194
"4599",865,868
"4600",865,892
"4601",865,899
"4602",865,935
"4603",865,1109
"4604",865,1136
"4605",866,877
"4606",866,900
"4607",866,903
"4608",866,939
"4609",866,1146
"4610",867,876
"4611",867,899
"4612",867,903
"4613",867,935
"4614",867,939
"4615",868,869
"4616",868,892
"4617",868,893
"4618",868,894
"4619",868,935
"4620",868,936
"4621",869,870
"4622",869,889
"4623",869,894
"4624",869,895
"4625",869,936
"4626",870,871
"4627",870,889
"4628",870,890
"4629",870,926
"4630",871,874
"4631",871,879
"4632",871,889
"4633",871,925
"4634",871,926
"4635",871,2005
"4636",872,875
"4637",872,888
"4638",872,943
"4639",872,1032
"4640",872,1284
"4641",873,875
"4642",873,905
"4643",873,1035
"4644",873,1549
"4645",873,2006
"4646",874,880
"4647",874,882
"4648",874,925
"4649",874,940
"4650",874,1549
"4651",874,2005
"4652",875,881
"4653",875,882
"4654",875,888
"4655",875,1032
"4656",875,2006
"4657",876,878
"4658",876,893
"4659",876,903
"4660",876,935
"4661",876,937
"4662",877,883
"4663",877,903
"4664",877,904
"4665",877,937
"4666",877,1146
"4667",878,879
"4668",878,883
"4669",878,893
"4670",878,902
"4671",878,936
"4672",878,937
"4673",878,938
"4674",879,889
"4675",879,936
"4676",879,938
"4677",879,2005
"4678",880,884
"4679",880,885
"4680",880,938
"4681",880,940
"4682",880,2004
"4683",880,2005
"4684",881,882
"4685",881,885
"4686",881,888
"4687",881,933
"4688",881,940
"4689",881,1994
"4690",882,940
"4691",882,1549
"4692",882,2006
"4693",883,887
"4694",883,901
"4695",883,902
"4696",883,904
"4697",883,937
"4698",884,886
"4699",884,901
"4700",884,902
"4701",884,938
"4702",884,2004
"4703",885,931
"4704",885,933
"4705",885,940
"4706",885,2004
"4707",886,901
"4708",886,930
"4709",886,931
"4710",886,934
"4711",886,2004
"4712",887,901
"4713",887,904
"4714",887,934
"4715",887,1924
"4716",888,1284
"4717",889,936
"4718",890,919
"4719",890,920
"4720",891,895
"4721",891,1076
"4722",892,894
"4723",892,928
"4724",892,1109
"4725",893,935
"4726",893,936
"4727",894,895
"4728",895,1076
"4729",896,897
"4730",896,1100
"4731",896,1102
"4732",897,1100
"4733",897,1175
"4734",898,1100
"4735",898,1101
"4736",898,1111
"4737",899,935
"4738",899,1137
"4739",900,939
"4740",900,1193
"4741",901,902
"4742",901,934
"4743",902,938
"4744",903,937
"4745",903,939
"4746",904,1146
"4747",904,1924
"4748",905,906
"4749",906,907
"4750",907,910
"4751",908,914
"4752",908,922
"4753",909,942
"4754",910,914
"4755",910,918
"4756",911,1171
"4757",911,1174
"4758",912,921
"4759",912,923
"4760",913,1058
"4761",913,1066
"4762",915,916
"4763",915,1060
"4764",915,1068
"4765",916,1060
"4766",916,1067
"4767",917,1476
"4768",918,1476
"4769",919,920
"4770",921,922
"4771",923,1163
"4772",924,1169
"4773",924,1177
"4774",925,926
"4775",925,1035
"4776",925,1052
"4777",925,1549
"4778",926,1052
"4779",927,929
"4780",927,1135
"4781",928,1109
"4782",928,1110
"4783",929,1099
"4784",930,934
"4785",930,1976
"4786",931,932
"4787",931,933
"4788",931,2004
"4789",932,933
"4790",932,1975
"4791",938,2005
"4792",941,945
"4793",942,1032
"4794",943,944
"4795",943,1032
"4796",944,1286
"4797",944,1287
"4798",945,1287
"4799",946,1080
"4800",946,1082
"4801",946,1085
"4802",947,948
"4803",947,987
"4804",947,992
"4805",948,988
"4806",948,992
"4807",948,994
"4808",949,950
"4809",949,1528
"4810",951,952
"4811",951,1526
"4812",952,1001
"4813",953,1242
"4814",953,1526
"4815",954,981
"4816",954,1003
"4817",954,1004
"4818",955,974
"4819",955,981
"4820",955,1005
"4821",956,1528
"4822",957,959
"4823",957,961
"4824",958,988
"4825",958,989
"4826",958,1000
"4827",958,1528
"4828",959,960
"4829",959,1534
"4830",960,962
"4831",960,964
"4832",960,1534
"4833",961,963
"4834",961,1242
"4835",962,963
"4836",962,964
"4837",963,1242
"4838",964,1535
"4839",964,1882
"4840",965,970
"4841",965,973
"4842",965,990
"4843",965,991
"4844",965,1083
"4845",965,1852
"4846",966,1080
"4847",966,1083
"4848",967,1084
"4849",967,1086
"4850",968,1775
"4851",968,1776
"4852",968,1860
"4853",969,970
"4854",969,971
"4855",969,985
"4856",969,990
"4857",970,990
"4858",971,980
"4859",971,985
"4860",972,980
"4861",972,1853
"4862",973,1852
"4863",974,982
"4864",974,983
"4865",975,1004
"4866",975,1871
"4867",976,977
"4868",976,984
"4869",976,1871
"4870",976,1872
"4871",977,984
"4872",977,1859
"4873",977,1863
"4874",978,984
"4875",978,1861
"4876",978,1862
"4877",979,1318
"4878",981,1003
"4879",981,1005
"4880",982,983
"4881",982,1862
"4882",983,1004
"4883",983,1005
"4884",984,1862
"4885",985,986
"4886",986,992
"4887",986,993
"4888",987,995
"4889",987,996
"4890",988,989
"4891",988,994
"4892",989,993
"4893",990,991
"4894",992,993
"4895",994,995
"4896",995,996
"4897",996,998
"4898",997,998
"4899",997,999
"4900",997,1000
"4901",998,999
"4902",998,1094
"4903",998,1661
"4904",999,1001
"4905",999,1661
"4906",1001,1106
"4907",1002,1837
"4908",1002,1838
"4909",1003,1868
"4910",1004,1005
"4911",1006,1007
"4912",1006,1359
"4913",1007,1352
"4914",1007,1359
"4915",1008,1351
"4916",1008,1357
"4917",1009,1331
"4918",1009,1354
"4919",1010,1604
"4920",1010,1643
"4921",1011,1356
"4922",1012,1362
"4923",1012,1643
"4924",1013,1014
"4925",1013,1017
"4926",1013,1291
"4927",1014,1291
"4928",1015,1359
"4929",1016,1026
"4930",1016,1350
"4931",1017,1018
"4932",1018,1324
"4933",1020,1021
"4934",1020,1022
"4935",1020,1023
"4936",1021,1022
"4937",1021,1544
"4938",1023,1025
"4939",1024,1028
"4940",1027,1775
"4941",1027,1778
"4942",1028,1658
"4943",1029,1675
"4944",1029,1676
"4945",1030,1289
"4946",1030,1319
"4947",1031,1273
"4948",1031,1417
"4949",1033,1309
"4950",1034,1269
"4951",1034,1275
"4952",1035,1052
"4953",1035,1549
"4954",1036,1037
"4955",1036,1038
"4956",1036,1065
"4957",1037,1038
"4958",1037,1063
"4959",1039,1053
"4960",1039,1055
"4961",1039,1061
"4962",1040,1041
"4963",1040,1045
"4964",1040,1825
"4965",1041,1045
"4966",1041,1173
"4967",1042,1046
"4968",1042,1057
"4969",1043,1044
"4970",1043,1046
"4971",1043,1048
"4972",1044,1048
"4973",1044,1227
"4974",1044,1253
"4975",1046,1047
"4976",1047,1223
"4977",1047,1253
"4978",1048,1049
"4979",1049,1050
"4980",1050,1181
"4981",1050,1185
"4982",1050,1217
"4983",1051,1180
"4984",1051,1221
"4985",1053,1054
"4986",1053,1061
"4987",1054,1056
"4988",1054,1224
"4989",1055,1056
"4990",1055,1057
"4991",1056,1057
"4992",1058,1164
"4993",1058,1461
"4994",1059,1060
"4995",1061,1159
"4996",1061,1462
"4997",1062,1063
"4998",1062,1072
"4999",1063,1462
"5000",1064,1065
"5001",1064,1470
"5002",1066,1165
"5003",1068,1472
"5004",1068,1473
"5005",1069,1070
"5006",1069,1071
"5007",1069,1464
"5008",1070,1071
"5009",1070,1075
"5010",1070,1428
"5011",1072,1073
"5012",1072,1075
"5013",1073,1075
"5014",1073,1471
"5015",1074,1437
"5016",1074,1467
"5017",1074,1474
"5018",1075,1428
"5019",1077,1122
"5020",1078,1079
"5021",1080,1082
"5022",1080,1083
"5023",1081,1082
"5024",1083,1852
"5025",1086,1087
"5026",1086,1089
"5027",1087,1088
"5028",1087,1089
"5029",1089,1094
"5030",1090,1091
"5031",1090,1094
"5032",1090,1661
"5033",1092,1096
"5034",1092,1097
"5035",1093,1155
"5036",1094,1661
"5037",1095,1140
"5038",1097,1104
"5039",1098,1158
"5040",1099,1158
"5041",1100,1101
"5042",1101,1222
"5043",1102,1103
"5044",1103,1112
"5045",1104,1661
"5046",1105,1178
"5047",1106,1107
"5048",1107,1115
"5049",1107,1525
"5050",1108,1110
"5051",1108,1136
"5052",1108,1226
"5053",1109,1136
"5054",1110,1226
"5055",1111,1112
"5056",1111,1113
"5057",1111,1183
"5058",1111,1854
"5059",1112,1113
"5060",1113,1854
"5061",1114,1525
"5062",1114,1526
"5063",1115,1117
"5064",1115,1525
"5065",1116,1117
"5066",1116,1118
"5067",1118,1243
"5068",1118,1244
"5069",1119,1209
"5070",1120,1121
"5071",1120,1307
"5072",1121,1138
"5073",1122,1187
"5074",1123,1125
"5075",1123,1128
"5076",1124,1278
"5077",1126,1203
"5078",1127,1128
"5079",1127,1130
"5080",1127,1300
"5081",1128,1130
"5082",1129,1147
"5083",1129,1191
"5084",1130,1131
"5085",1131,1298
"5086",1132,1745
"5087",1133,1941
"5088",1133,1942
"5089",1134,1210
"5090",1134,1942
"5091",1135,1137
"5092",1138,1187
"5093",1139,1195
"5094",1139,1196
"5095",1141,1188
"5096",1142,1145
"5097",1143,1154
"5098",1144,1150
"5099",1146,1194
"5100",1147,1149
"5101",1147,1191
"5102",1148,1149
"5103",1151,1153
"5104",1153,1189
"5105",1155,1157
"5106",1157,1178
"5107",1159,1160
"5108",1159,1462
"5109",1161,1162
"5110",1161,1224
"5111",1162,1228
"5112",1163,1164
"5113",1163,1165
"5114",1164,1165
"5115",1164,1461
"5116",1166,1167
"5117",1166,1175
"5118",1166,1176
"5119",1167,1171
"5120",1167,1172
"5121",1168,1172
"5122",1168,1174
"5123",1169,1170
"5124",1169,1177
"5125",1171,1172
"5126",1172,1174
"5127",1173,1825
"5128",1175,1176
"5129",1178,1179
"5130",1180,1854
"5131",1181,1182
"5132",1181,1186
"5133",1182,1186
"5134",1183,1221
"5135",1183,1222
"5136",1183,1854
"5137",1184,1185
"5138",1184,1186
"5139",1184,1245
"5140",1185,1186
"5141",1185,1217
"5142",1188,1195
"5143",1192,1193
"5144",1192,1969
"5145",1194,1212
"5146",1196,1197
"5147",1198,1208
"5148",1199,1201
"5149",1199,1209
"5150",1200,1202
"5151",1200,1302
"5152",1200,1307
"5153",1201,1202
"5154",1202,1302
"5155",1203,1303
"5156",1204,1315
"5157",1204,1366
"5158",1205,1206
"5159",1205,1210
"5160",1205,1297
"5161",1206,1210
"5162",1206,1312
"5163",1206,1314
"5164",1207,1971
"5165",1208,1943
"5166",1211,1745
"5167",1211,1930
"5168",1211,1938
"5169",1211,1940
"5170",1212,1925
"5171",1213,1214
"5172",1213,1215
"5173",1213,1529
"5174",1214,1215
"5175",1214,1527
"5176",1215,1247
"5177",1216,1217
"5178",1216,1246
"5179",1218,1225
"5180",1219,1220
"5181",1219,1229
"5182",1219,1265
"5183",1220,1261
"5184",1220,1265
"5185",1221,1222
"5186",1223,1224
"5187",1223,1253
"5188",1223,1460
"5189",1227,1253
"5190",1227,1460
"5191",1228,1823
"5192",1229,1230
"5193",1230,1231
"5194",1230,1232
"5195",1231,1232
"5196",1231,1265
"5197",1231,1266
"5198",1232,1821
"5199",1233,1234
"5200",1233,1255
"5201",1233,1818
"5202",1234,1818
"5203",1234,1830
"5204",1235,1236
"5205",1235,1882
"5206",1236,1240
"5207",1236,1883
"5208",1237,1238
"5209",1237,1239
"5210",1237,1819
"5211",1238,1239
"5212",1240,1249
"5213",1240,1883
"5214",1241,1883
"5215",1243,1244
"5216",1243,1248
"5217",1244,1251
"5218",1245,1246
"5219",1245,1247
"5220",1246,1247
"5221",1248,1249
"5222",1248,1250
"5223",1249,1250
"5224",1250,1251
"5225",1252,1260
"5226",1252,1262
"5227",1254,1255
"5228",1254,1256
"5229",1254,1806
"5230",1255,1256
"5231",1256,1259
"5232",1257,1263
"5233",1257,1264
"5234",1257,1819
"5235",1258,1268
"5236",1258,1807
"5237",1259,1802
"5238",1261,1262
"5239",1261,1263
"5240",1262,1263
"5241",1264,1819
"5242",1265,1266
"5243",1266,1267
"5244",1267,1821
"5245",1268,1807
"5246",1269,1271
"5247",1270,1478
"5248",1271,1272
"5249",1272,1274
"5250",1274,1921
"5251",1275,1380
"5252",1276,1960
"5253",1276,1961
"5254",1276,1962
"5255",1278,1301
"5256",1278,1304
"5257",1279,1280
"5258",1279,1393
"5259",1280,1397
"5260",1281,1284
"5261",1281,1285
"5262",1282,1397
"5263",1283,1981
"5264",1285,1286
"5265",1286,1287
"5266",1288,1289
"5267",1289,1319
"5268",1290,1658
"5269",1290,1881
"5270",1291,1360
"5271",1291,1361
"5272",1292,1293
"5273",1292,1306
"5274",1293,1323
"5275",1293,1415
"5276",1294,1415
"5277",1295,1296
"5278",1295,1327
"5279",1297,1314
"5280",1298,1300
"5281",1299,1305
"5282",1299,1322
"5283",1299,1851
"5284",1301,1304
"5285",1302,1327
"5286",1304,1308
"5287",1306,1324
"5288",1309,1405
"5289",1310,1945
"5290",1310,1946
"5291",1310,1947
"5292",1311,1313
"5293",1311,1363
"5294",1312,1314
"5295",1313,1316
"5296",1313,1363
"5297",1315,1366
"5298",1316,1362
"5299",1316,1643
"5300",1317,1853
"5301",1318,1881
"5302",1320,1321
"5303",1320,1322
"5304",1320,1326
"5305",1321,1322
"5306",1321,1323
"5307",1323,1415
"5308",1325,1365
"5309",1326,1851
"5310",1328,1329
"5311",1328,1540
"5312",1328,1545
"5313",1329,1545
"5314",1330,1357
"5315",1330,1358
"5316",1331,1354
"5317",1332,1333
"5318",1332,1547
"5319",1333,1548
"5320",1335,1546
"5321",1335,1636
"5322",1336,1633
"5323",1336,1636
"5324",1337,1635
"5325",1338,1339
"5326",1338,1664
"5327",1338,1686
"5328",1339,1663
"5329",1340,1341
"5330",1340,1651
"5331",1342,1408
"5332",1342,1410
"5333",1343,1605
"5334",1343,1606
"5335",1344,1647
"5336",1344,1650
"5337",1345,1346
"5338",1345,1347
"5339",1346,1347
"5340",1347,1987
"5341",1348,1615
"5342",1348,1672
"5343",1349,1363
"5344",1349,1364
"5345",1349,1643
"5346",1352,1353
"5347",1354,1355
"5348",1354,1614
"5349",1355,1614
"5350",1355,1629
"5351",1356,1614
"5352",1357,1358
"5353",1358,1544
"5354",1360,1361
"5355",1361,1365
"5356",1362,1643
"5357",1363,1364
"5358",1367,1421
"5359",1367,1469
"5360",1368,1588
"5361",1369,1370
"5362",1369,1693
"5363",1371,1372
"5364",1371,1373
"5365",1371,1705
"5366",1371,1706
"5367",1372,1373
"5368",1372,1377
"5369",1372,1705
"5370",1372,1911
"5371",1372,1912
"5372",1374,1376
"5373",1374,1582
"5374",1374,1915
"5375",1375,1910
"5376",1375,1915
"5377",1376,1582
"5378",1377,1705
"5379",1377,1912
"5380",1378,1918
"5381",1378,1919
"5382",1379,1423
"5383",1381,1382
"5384",1381,1917
"5385",1382,1681
"5386",1382,1702
"5387",1383,1420
"5388",1383,1918
"5389",1383,1919
"5390",1384,1385
"5391",1384,1414
"5392",1384,1678
"5393",1384,1935
"5394",1385,1387
"5395",1386,1388
"5396",1386,1389
"5397",1387,1391
"5398",1387,1637
"5399",1388,1389
"5400",1390,1391
"5401",1390,1551
"5402",1390,1965
"5403",1391,1551
"5404",1391,1637
"5405",1392,1963
"5406",1393,1395
"5407",1394,1395
"5408",1394,1396
"5409",1395,1396
"5410",1396,1403
"5411",1398,1399
"5412",1398,1922
"5413",1400,1401
"5414",1400,1402
"5415",1400,1416
"5416",1400,1916
"5417",1401,1402
"5418",1402,1955
"5419",1403,1418
"5420",1403,1922
"5421",1404,1955
"5422",1404,1966
"5423",1404,1967
"5424",1406,1663
"5425",1406,1665
"5426",1407,1413
"5427",1407,1662
"5428",1408,1409
"5429",1408,1410
"5430",1408,1677
"5431",1409,1677
"5432",1409,2003
"5433",1410,1651
"5434",1410,2003
"5435",1411,1414
"5436",1411,1679
"5437",1412,1413
"5438",1412,1638
"5439",1412,1660
"5440",1413,1660
"5441",1413,1662
"5442",1414,1679
"5443",1414,1935
"5444",1416,1916
"5445",1418,1922
"5446",1419,1921
"5447",1420,1918
"5448",1420,1920
"5449",1420,1923
"5450",1421,1703
"5451",1422,1423
"5452",1422,1426
"5453",1424,1432
"5454",1424,1467
"5455",1424,1468
"5456",1427,1433
"5457",1427,1434
"5458",1428,1465
"5459",1429,1430
"5460",1429,1438
"5461",1430,1437
"5462",1431,1488
"5463",1431,1494
"5464",1432,1467
"5465",1433,1434
"5466",1433,1435
"5467",1434,1443
"5468",1435,1441
"5469",1435,1443
"5470",1436,1437
"5471",1436,1466
"5472",1436,1507
"5473",1438,1493
"5474",1439,1440
"5475",1439,1441
"5476",1440,1706
"5477",1441,1443
"5478",1442,1449
"5479",1444,1445
"5480",1445,1704
"5481",1446,1447
"5482",1446,1450
"5483",1446,1524
"5484",1447,1498
"5485",1447,1524
"5486",1448,1455
"5487",1448,1492
"5488",1448,1498
"5489",1450,1451
"5490",1450,1452
"5491",1451,1452
"5492",1451,1905
"5493",1451,1906
"5494",1452,1456
"5495",1452,1457
"5496",1453,1480
"5497",1454,1500
"5498",1456,1457
"5499",1456,1524
"5500",1457,1458
"5501",1457,1459
"5502",1458,1459
"5503",1458,1897
"5504",1458,1898
"5505",1459,1903
"5506",1459,1907
"5507",1463,1464
"5508",1464,1465
"5509",1466,1505
"5510",1466,1507
"5511",1467,1474
"5512",1468,1474
"5513",1468,1477
"5514",1470,1471
"5515",1470,1472
"5516",1471,1472
"5517",1472,1473
"5518",1474,1477
"5519",1475,1477
"5520",1479,1727
"5521",1481,1483
"5522",1481,1502
"5523",1482,1502
"5524",1482,1726
"5525",1483,1484
"5526",1483,1485
"5527",1484,1485
"5528",1486,1814
"5529",1487,1505
"5530",1487,1508
"5531",1488,1494
"5532",1489,1576
"5533",1489,1908
"5534",1490,1491
"5535",1490,1506
"5536",1490,1822
"5537",1491,1822
"5538",1492,1498
"5539",1492,1503
"5540",1495,1496
"5541",1495,1815
"5542",1496,1497
"5543",1496,1815
"5544",1497,1504
"5545",1499,1897
"5546",1501,1896
"5547",1505,1508
"5548",1509,1511
"5549",1509,1725
"5550",1510,1511
"5551",1510,1717
"5552",1510,1795
"5553",1513,1523
"5554",1513,1801
"5555",1514,1515
"5556",1514,1724
"5557",1515,1724
"5558",1516,1523
"5559",1516,1801
"5560",1518,1519
"5561",1518,1520
"5562",1518,1813
"5563",1519,1520
"5564",1519,1811
"5565",1519,1812
"5566",1521,1810
"5567",1522,1713
"5568",1522,1809
"5569",1530,1531
"5570",1530,1533
"5571",1531,1533
"5572",1532,1746
"5573",1532,1866
"5574",1532,1867
"5575",1533,1867
"5576",1534,1535
"5577",1534,1868
"5578",1535,1882
"5579",1536,1878
"5580",1537,1779
"5581",1537,1780
"5582",1538,1780
"5583",1538,1879
"5584",1539,1540
"5585",1539,1545
"5586",1539,1546
"5587",1540,1545
"5588",1541,1763
"5589",1542,1764
"5590",1543,1629
"5591",1547,1548
"5592",1547,1632
"5593",1548,1632
"5594",1549,2006
"5595",1550,1553
"5596",1550,1630
"5597",1551,1637
"5598",1551,1642
"5599",1551,1674
"5600",1551,1965
"5601",1552,1555
"5602",1552,1630
"5603",1554,1555
"5604",1556,1625
"5605",1557,1558
"5606",1557,1561
"5607",1557,1562
"5608",1558,1673
"5609",1559,1560
"5610",1559,1561
"5611",1559,1626
"5612",1560,1687
"5613",1561,1562
"5614",1561,1626
"5615",1563,1656
"5616",1563,1671
"5617",1564,1659
"5618",1564,1685
"5619",1565,1569
"5620",1565,1570
"5621",1565,1659
"5622",1566,1567
"5623",1566,1660
"5624",1566,1662
"5625",1567,1662
"5626",1568,1669
"5627",1568,1670
"5628",1569,1570
"5629",1571,1572
"5630",1572,1893
"5631",1573,1888
"5632",1575,1596
"5633",1576,1908
"5634",1577,1578
"5635",1577,1581
"5636",1578,1590
"5637",1579,1580
"5638",1579,1904
"5639",1579,1909
"5640",1580,1906
"5641",1580,1907
"5642",1580,1909
"5643",1581,1585
"5644",1581,1692
"5645",1583,1586
"5646",1584,1657
"5647",1584,1684
"5648",1585,1586
"5649",1585,1692
"5650",1585,1693
"5651",1587,1588
"5652",1587,1680
"5653",1588,1680
"5654",1590,1654
"5655",1591,1894
"5656",1592,1593
"5657",1592,1598
"5658",1592,1718
"5659",1592,1731
"5660",1593,1598
"5661",1593,1699
"5662",1594,1696
"5663",1594,1893
"5664",1595,1596
"5665",1597,1712
"5666",1597,1753
"5667",1598,1700
"5668",1599,1710
"5669",1600,1601
"5670",1600,1621
"5671",1600,1622
"5672",1601,1602
"5673",1601,1603
"5674",1602,1603
"5675",1602,1610
"5676",1602,1611
"5677",1603,1612
"5678",1605,1648
"5679",1605,1649
"5680",1606,1607
"5681",1607,1609
"5682",1607,1611
"5683",1608,1954
"5684",1608,1979
"5685",1609,1611
"5686",1609,1612
"5687",1610,1611
"5688",1610,1620
"5689",1610,1652
"5690",1616,1623
"5691",1616,1653
"5692",1616,1668
"5693",1617,1619
"5694",1617,1623
"5695",1618,1619
"5696",1618,1628
"5697",1618,1668
"5698",1619,1623
"5699",1619,1628
"5700",1619,1668
"5701",1620,1621
"5702",1620,1652
"5703",1621,1622
"5704",1623,1668
"5705",1624,1634
"5706",1625,1673
"5707",1627,1628
"5708",1631,1672
"5709",1633,1885
"5710",1637,1641
"5711",1637,1642
"5712",1638,1639
"5713",1638,1640
"5714",1639,1640
"5715",1641,1642
"5716",1642,1674
"5717",1642,1675
"5718",1644,1645
"5719",1644,1646
"5720",1645,1646
"5721",1647,1650
"5722",1648,1649
"5723",1648,1652
"5724",1651,2003
"5725",1654,1694
"5726",1655,1657
"5727",1655,1685
"5728",1656,1671
"5729",1656,1685
"5730",1657,1683
"5731",1657,1685
"5732",1659,1685
"5733",1663,1665
"5734",1664,1669
"5735",1664,1686
"5736",1665,1670
"5737",1666,1667
"5738",1666,1687
"5739",1667,1687
"5740",1670,1686
"5741",1674,1965
"5742",1674,1966
"5743",1678,1679
"5744",1678,1680
"5745",1678,1935
"5746",1679,1680
"5747",1679,1935
"5748",1681,1702
"5749",1682,1683
"5750",1682,1684
"5751",1683,1685
"5752",1688,1904
"5753",1689,1690
"5754",1689,1901
"5755",1690,1691
"5756",1691,1692
"5757",1692,1693
"5758",1695,1696
"5759",1695,1901
"5760",1697,1698
"5761",1697,1699
"5762",1697,1731
"5763",1697,1752
"5764",1698,1699
"5765",1698,1902
"5766",1700,1701
"5767",1701,1902
"5768",1704,1705
"5769",1704,1706
"5770",1705,1706
"5771",1707,1710
"5772",1707,1711
"5773",1707,1714
"5774",1708,1712
"5775",1708,1715
"5776",1709,1714
"5777",1709,1734
"5778",1710,1711
"5779",1715,1827
"5780",1716,1717
"5781",1716,1737
"5782",1716,1794
"5783",1716,1795
"5784",1717,1737
"5785",1718,1721
"5786",1718,1731
"5787",1719,1720
"5788",1719,1722
"5789",1721,1731
"5790",1721,1750
"5791",1722,1723
"5792",1722,1724
"5793",1725,1735
"5794",1728,1749
"5795",1728,1750
"5796",1728,1752
"5797",1730,1896
"5798",1731,1750
"5799",1731,1752
"5800",1732,1848
"5801",1733,1736
"5802",1733,1782
"5803",1733,1824
"5804",1733,1847
"5805",1735,1826
"5806",1736,1824
"5807",1738,1740
"5808",1739,1744
"5809",1739,1835
"5810",1739,1880
"5811",1741,1742
"5812",1741,1781
"5813",1741,1824
"5814",1742,1781
"5815",1742,1844
"5816",1743,1800
"5817",1743,1832
"5818",1743,1834
"5819",1744,1746
"5820",1744,1747
"5821",1744,1875
"5822",1744,1880
"5823",1745,1940
"5824",1746,1747
"5825",1747,1839
"5826",1747,1875
"5827",1748,1836
"5828",1748,1875
"5829",1748,1880
"5830",1751,1822
"5831",1751,1823
"5832",1753,1827
"5833",1754,1755
"5834",1755,1762
"5835",1756,1757
"5836",1756,1763
"5837",1757,1758
"5838",1758,1760
"5839",1758,1761
"5840",1759,1762
"5841",1759,1884
"5842",1760,1761
"5843",1761,1790
"5844",1762,1787
"5845",1762,1895
"5846",1765,1766
"5847",1766,1771
"5848",1767,1768
"5849",1767,1770
"5850",1769,1771
"5851",1769,1772
"5852",1771,1772
"5853",1772,1773
"5854",1772,1774
"5855",1773,1774
"5856",1775,1776
"5857",1777,1856
"5858",1777,1874
"5859",1778,1858
"5860",1779,1780
"5861",1781,1788
"5862",1781,1847
"5863",1782,1784
"5864",1782,1847
"5865",1783,1784
"5866",1783,1789
"5867",1786,1891
"5868",1787,1895
"5869",1788,1842
"5870",1788,1847
"5871",1789,1791
"5872",1789,1792
"5873",1791,1792
"5874",1791,1840
"5875",1793,1840
"5876",1793,1846
"5877",1793,1876
"5878",1794,1795
"5879",1796,1799
"5880",1796,1835
"5881",1797,1798
"5882",1798,1799
"5883",1800,1828
"5884",1800,1834
"5885",1802,1803
"5886",1804,1816
"5887",1805,1818
"5888",1806,1817
"5889",1808,1813
"5890",1808,1820
"5891",1810,1811
"5892",1810,1814
"5893",1811,1812
"5894",1813,1820
"5895",1822,1823
"5896",1826,1829
"5897",1828,1831
"5898",1830,1831
"5899",1830,1832
"5900",1831,1832
"5901",1833,1991
"5902",1833,1998
"5903",1833,2002
"5904",1836,1865
"5905",1837,1838
"5906",1839,1866
"5907",1839,1875
"5908",1840,1879
"5909",1841,1845
"5910",1841,1877
"5911",1842,1843
"5912",1842,1844
"5913",1843,1844
"5914",1845,1877
"5915",1846,1876
"5916",1848,1850
"5917",1849,1850
"5918",1855,1863
"5919",1855,1872
"5920",1856,1869
"5921",1856,1870
"5922",1857,1858
"5923",1859,1860
"5924",1859,1861
"5925",1859,1863
"5926",1860,1861
"5927",1864,1865
"5928",1866,1867
"5929",1869,1870
"5930",1870,1873
"5931",1870,1874
"5932",1871,1872
"5933",1873,1874
"5934",1875,1880
"5935",1878,1879
"5936",1885,1886
"5937",1887,1889
"5938",1897,1898
"5939",1898,1900
"5940",1900,1903
"5941",1903,1907
"5942",1905,1906
"5943",1905,1908
"5944",1905,1909
"5945",1906,1907
"5946",1906,1909
"5947",1908,1909
"5948",1909,1913
"5949",1910,1911
"5950",1910,1915
"5951",1911,1912
"5952",1913,1914
"5953",1918,1923
"5954",1920,1923
"5955",1924,1925
"5956",1926,1973
"5957",1926,1976
"5958",1927,1968
"5959",1927,1973
"5960",1928,1929
"5961",1928,1936
"5962",1929,1974
"5963",1930,1937
"5964",1930,1938
"5965",1931,1932
"5966",1931,1938
"5967",1932,1970
"5968",1933,1971
"5969",1934,1936
"5970",1934,2000
"5971",1939,1951
"5972",1941,1971
"5973",1944,1978
"5974",1945,1946
"5975",1946,1978
"5976",1947,1954
"5977",1948,1952
"5978",1949,1996
"5979",1950,1980
"5980",1951,1980
"5981",1952,1953
"5982",1952,1986
"5983",1953,1979
"5984",1953,1986
"5985",1956,1957
"5986",1956,1958
"5987",1957,1958
"5988",1959,1992
"5989",1959,1999
"5990",1961,1962
"5991",1964,1999
"5992",1965,1966
"5993",1966,1967
"5994",1968,1969
"5995",1972,1977
"5996",1972,1982
"5997",1975,1983
"5998",1980,1997
"5999",1981,1994
"6000",1984,1985
"6001",1985,1995
"6002",1987,2003
"6003",1988,1989
"6004",1988,1990
"6005",1988,2002
"6006",1989,1990
"6007",1990,1991
"6008",1991,1998
"6009",1993,1997
"6010",1995,1996
"6011",1995,2000
"6012",1996,1998
